phase,L,eL
4.669999999925494,3.327123842300845e+42,6.3596307791587525e+41
5.660000000149012,3.0065537091040824e+42,3.421200519886414e+41
8.915370000060648,3.826876139873009e+42,4.415512536344634e+41
10.660000000149012,3.11938490687853e+42,3.549592755593514e+41
11.32395499991253,3.676609819956351e+42,4.18366696372851e+41
11.32395499991253,3.7106290717688305e+42,4.222377957526682e+41
12.661079999990761,3.7577727189304306e+42,4.335779874423054e+41
14.677469999995083,3.07980485974657e+42,6.495885864024486e+41
16.66923000011593,2.7183162671052564e+42,4.465268046006317e+41
21.669999999925494,2.7168706769497407e+42,2.9621408924746564e+41
23.242130000144243,2.920434988055888e+42,3.323204793972763e+41
25.668921666685492,2.38428385390626e+42,2.391163365339509e+41
25.668921666685492,2.4085627077327258e+42,2.415512272340311e+41
25.668921666685492,2.362424608142365e+42,2.382401034568131e+41
27.65029999986291,1.876864619889855e+42,2.971125157257759e+41
31.666480000130832,1.703084463797729e+42,2.231979438788584e+41
33.10116500000004,1.6929616822172543e+42,1.7097503184644034e+41
33.10116500000004,1.7809311435361763e+42,1.793593687309693e+41
33.10116500000004,1.7629789570433378e+42,1.7804619353836477e+41
33.10116500000004,1.7452077326281457e+42,1.774700828915895e+41
33.613599999807775,1.9612708282525202e+42,2.3763791001347686e+41
34.66832000017166,1.5842265459850016e+42,2.6711047339543383e+41
35.6095900000073,2.124110255588179e+42,2.844266811110433e+41
37.10203699991107,2.1505436566234265e+42,2.358864545537688e+41
37.10203699991107,2.05611370833983e+42,2.070732819207578e+41
37.10203699991107,2.07705084805731e+42,2.0892632727036902e+41
37.10203699991107,1.9835681606842682e+42,2.0211113490295317e+41
37.65423474996351,2.23022864369873e+42,2.3990512941391774e+41
37.65423474996351,2.2251431609788403e+42,2.233525213319089e+41
37.65423474996351,2.1825186212753755e+42,2.211287122188677e+41
38.85154000017792,2.6294765454252647e+42,3.0058504332142844e+41
41.58051000023261,2.7631075706302418e+42,3.188118891611543e+41
42.91471999976784,2.693599969904009e+42,2.9252373290203823e+41
45.09909874992445,3.4101071889879446e+42,3.4263570325607202e+41
45.09909874992445,3.607181793304612e+42,3.624370736827868e+41
45.09909874992445,3.457546505497374e+42,3.4705709869267725e+41
45.09909874992445,3.5380831095602717e+42,3.551410970135066e+41
47.102062500081956,3.701417127791675e+42,3.719055121552821e+41
47.102062500081956,3.597228538936251e+42,3.614370053209469e+41
47.102062500081956,3.684410660881563e+42,3.69828973326848e+41
47.102062500081956,3.677629972792073e+42,3.7551036808060045e+41
47.83001000015065,3.259846902352598e+42,3.659936512110271e+41
49.87933999998495,3.485832856241502e+42,3.948654741890064e+41
54.09231750003528,3.725358139690192e+42,3.730846187914553e+41
54.09231750003528,3.7876342083771744e+42,3.7956665086141115e+41
54.09231750003528,3.791124355428941e+42,3.7967092878051e+41
54.09231750003528,3.822680756207439e+42,3.8283121762078116e+41
55.105374125007074,3.8937496975531023e+42,3.902007033108119e+41
55.105374125007074,3.72192853767532e+42,3.729821498249209e+41
55.105374125007074,3.749454003644264e+42,3.7574053364881924e+41
55.105374125007074,3.787634208377175e+42,3.795666508614112e+41
55.105374125007074,3.819161558017077e+42,3.8272607171754545e+41
55.105374125007074,3.918934729291085e+42,3.927245473841075e+41
55.105374125007074,3.728790901940359e+42,3.746559337216465e+41
55.105374125007074,3.777183033778696e+42,3.8040390667474045e+41
57.95359025998041,3.353837428622464e+42,3.4683311912702957e+41
57.95359025998041,3.3538375903903566e+42,3.468331358560643e+41
57.95359025998041,3.428482060238938e+42,3.596411288352615e+41
57.95359025998041,3.4285405166740124e+42,3.596471016195218e+41
57.95359025998041,3.428540538102582e+42,3.596471038673362e+41
58.94022647512611,3.493793849786462e+42,3.752789114672739e+41
58.94022647512611,3.5494580969196054e+42,3.828356230870774e+41
58.94022647512611,3.549366297341193e+42,3.8282571105462295e+41
60.952120000030845,3.801366567378157e+42,4.138729361050462e+41
60.952120000030845,3.8387605543552926e+42,4.02829914873888e+41
60.952120000030845,3.838840967939488e+42,4.0283788955251644e+41
61.54203000012785,2.948164822972135e+42,3.1893431585841556e+41
63.947755528547404,3.634245195273704e+42,4.012201208028845e+41
63.947755528547404,3.4525878694460697e+42,3.615152025429835e+41
63.947755528547404,3.4525457745355574e+42,3.6151081245048875e+41
63.947755528547404,3.324480685937359e+42,3.454752731402709e+41
65.93925925018266,3.244384962020171e+42,3.355839958545563e+41
65.93925925018266,3.2444505118663996e+42,3.355907844107129e+41
65.93925925018266,3.2444546187210544e+42,3.355911211426184e+41
67.03600955714604,3.1962554108319155e+42,3.274571427540873e+41
67.03600955714604,3.1728986079764586e+42,3.2583076270274108e+41
67.03600955714604,3.194819968854546e+42,3.288884530774961e+41
67.03600955714604,3.169048599910544e+42,3.1915807549365335e+41
67.77608999982476,3.2344574864676303e+42,3.540595703925209e+41
69.10370100010186,3.070928114806778e+42,3.0797888404464233e+41
69.10370100010186,3.082262698339113e+42,3.093873496114708e+41
69.10370100010186,3.076590186805806e+42,3.094679597500446e+41
69.75583525720451,3.076977106087621e+42,3.1261511586787234e+41
69.75583525720451,3.1019954975460014e+42,3.1545887460585293e+41
69.75583525720451,3.070088889841667e+42,3.1191530847959833e+41
69.75583525720451,3.0042003992336934e+42,3.0128685915550223e+41
71.03167406260036,3.146668822373259e+42,3.1973599984774044e+41
71.03167406260036,3.131597701850334e+42,3.1820460901469154e+41
71.03167406260036,3.1357422728452564e+42,3.1893204984376107e+41
71.03167406260036,3.1299397200183917e+42,3.199353485678033e+41
71.95887729991227,3.192952617098909e+42,3.396332469340406e+41
71.95887729991227,3.192964831229237e+42,3.3963459898261383e+41
71.95887729991227,3.19295361878378e+42,3.3963335348290804e+41
72.99889348750003,3.1405317205147445e+42,3.2513050878512907e+41
72.99889348750003,3.074505428789559e+42,3.1265079267509606e+41
72.99889348750003,3.122199461731885e+42,3.1719737292815483e+41
72.99889348750003,3.0319979232793364e+42,3.038427772704523e+41
73.64077059999109,3.225691828855137e+42,3.503086670296977e+41
73.64077059999109,3.0685195847090927e+42,3.0773733608782218e+41
73.64077059999109,3.029206635624074e+42,3.047017445508904e+41
73.64077059999109,3.0600526546481796e+42,3.0715797878075104e+41
74.96906036926576,2.936995152265953e+42,2.988346808168334e+41
74.96906036926576,2.9158716411914047e+42,2.9639709739303982e+41
74.96906036926576,2.9356633493815814e+42,2.9840903960886637e+41
74.96906036926576,2.913371841524005e+42,2.9601898597450918e+41
74.96906036926576,2.939763738654413e+42,3.0391721110105844e+41
74.96906036926576,2.9397718041341476e+42,3.0391830438397697e+41
74.96906036926576,2.9110695671500484e+42,3.054937286362198e+41
74.96906036926576,2.9110696904047276e+42,3.054937415708236e+41
74.96906036926576,2.9112022968926054e+42,3.0550769507661336e+41
76.73330535553396,3.083276405344869e+42,3.482618652309594e+41
76.73330535553396,2.8493567493623196e+42,2.9160445503117104e+41
76.73330535553396,2.7679858521730764e+42,2.8841814446323393e+41
76.73330535553396,2.820911598058077e+42,2.922706213133718e+41
77.51954000000842,2.8949599136452046e+42,2.9236684363783438e+41
77.51954000000842,2.764665254360424e+42,2.788042987497496e+41
77.51954000000842,2.805708542531563e+42,2.829433333612239e+41
77.51954000000842,2.7468981347257065e+42,2.7664287707071134e+41
80.94063947501127,2.5521386978026495e+42,2.855208235639012e+41
80.94063947501127,2.552169680727624e+42,2.8552383147294693e+41
80.94063947501127,2.4748249844766343e+42,2.552423452887216e+41
80.94063947501127,2.4747883438001337e+42,2.552382429362523e+41
80.94063947501127,2.55519630837298e+42,2.8285734366084377e+41
80.94063947501127,2.5551936142055898e+42,2.828566596849838e+41
80.94063947501127,2.4562047853976438e+42,2.664647346617132e+41
80.94063947501127,2.45613338996182e+42,2.6645677733158585e+41
81.6167945000343,2.377073193321198e+42,2.3839318994204447e+41
81.6167945000343,2.3902457488339406e+42,2.3971424624657665e+41
81.6167945000343,2.3531117608826083e+42,2.3599013296817186e+41
81.6167945000343,2.3858468062697593e+42,2.394834224767889e+41
83.90496559996002,2.5394199845906788e+42,2.6119928302901498e+41
83.90496559996002,2.5339904887733945e+42,2.606407239643071e+41
83.90496559996002,2.5877447219873955e+42,2.6640150628064233e+41
83.90496559996002,2.5798704943842912e+42,2.6559095214741687e+41
85.06118279993534,2.546031085944785e+42,2.631090266156791e+41
85.06118279993534,2.4695371431053482e+42,2.4788398207724296e+41
85.06118279993534,2.520087165584875e+42,2.529580263779343e+41
85.06118279993534,2.5015867190004763e+42,2.5110101265277066e+41
85.5546225999482,2.4102922911165012e+42,2.5309640712467538e+41
85.5546225999482,2.4786520341051614e+42,2.487989047312884e+41
85.5546225999482,2.4334115359450424e+42,2.4425781294556746e+41
85.5546225999482,2.5085084168212394e+42,2.517957898191463e+41
87.04037358332425,2.387990558724267e+42,2.43801122904662e+41
87.04037358332425,2.5499945594855872e+42,3.058774811137972e+41
87.04037358332425,2.295405520119818e+42,2.304052248810873e+41
87.04037358332425,2.3359278347493237e+42,2.3447272098714614e+41
87.90069300006144,2.3527720514036927e+42,2.521567331061104e+41
87.90069300006144,2.3273377917323097e+42,2.334052993414787e+41
87.90069300006144,2.3684238279115644e+42,2.3752575774989726e+41
89.06294600002002,2.2009772955487708e+42,2.2114653930711578e+41
89.06294600002002,2.2091009507033425e+42,2.2196277590691677e+41
89.06294600002002,2.2192976973955916e+42,2.2298730953011343e+41
89.06294600002002,2.2709917815297268e+42,2.281813512097049e+41
90.90644206649934,2.2725504092023756e+42,2.4289061829182236e+41
90.90644206649934,2.2725704089847774e+42,2.4289249299504686e+41
90.90644206649934,2.4720960759674975e+42,2.7171085120507573e+41
91.89907220005989,2.1815516145995636e+42,2.194378471838232e+41
91.89907220005989,2.1997103217838092e+42,2.2101923819225156e+41
91.89907220005989,2.1655364228759753e+42,2.175855637543631e+41
91.89907220005989,2.169529164706599e+42,2.1798674055885575e+41
91.89907220005989,2.1181928252997138e+42,2.14253519728032e+41
92.98097340008243,1.994786224327731e+42,2.108278196559264e+41
92.98097340008243,2.081447650711747e+42,2.0913661655426622e+41
92.98097340008243,2.1240537017392412e+42,2.136542488810399e+41
92.98097340008243,2.077617011677962e+42,2.089832765193523e+41
93.86567319991688,1.9271363772284163e+42,2.2555388784050055e+41
93.86567319991688,2.0955445887715447e+42,2.231610112897362e+41
93.86567319991688,2.09552168056991e+42,2.231585950446717e+41
94.99191241251538,2.036234854877372e+42,2.1257802889875014e+41
94.99191241251538,1.9642859145160075e+42,2.003160482395871e+41
94.99191241251538,1.962504236402094e+42,2.01956023407949e+41
94.99191241251538,1.9466894190966776e+42,1.9581353583537065e+41
95.9178435427935,2.19500929339337e+42,2.4397479493976997e+41
95.9178435427935,2.1741461686100654e+42,2.395907602051219e+41
95.9178435427935,2.1948247976009606e+42,2.4149399114435887e+41
95.9178435427935,2.189504592388498e+42,2.422597871092178e+41
97.05645679999142,2.1881891931383235e+42,2.280317793893105e+41
97.05645679999142,2.152600948499124e+42,2.1628585230412603e+41
97.05645679999142,2.1309022467765025e+42,2.146053109332208e+41
97.05645679999142,2.186570715262609e+42,2.2082543367838795e+41
97.61882879994809,2.1407380446513873e+42,2.1488021452682375e+41
97.61882879994809,2.0997303578745818e+42,2.109735993465936e+41
97.61882879994809,2.0823969897683636e+42,2.0923200283899728e+41
97.61882879994809,2.1328657843794008e+42,2.145406383805235e+41
97.61882879994809,2.057612204883281e+42,2.0722419701652356e+41
98.93384260001282,2.1842091880101864e+42,2.3317767697099557e+41
98.93384260001282,2.1841626537375116e+42,2.3317274008874844e+41
98.93384260001282,2.2120151925188786e+42,2.2696507689695143e+41
98.93384260001282,2.2120710590418837e+42,2.269709914775839e+41
99.7710957499221,2.3143048894819104e+42,2.333874420374953e+41
99.7710957499221,2.2888670800511517e+42,2.3082215113694716e+41
99.7710957499221,2.3100457063875365e+42,2.323628069643274e+41
99.7710957499221,2.2762532186153674e+42,2.287100020983918e+41
100.9646196000278,2.2799737062139657e+42,2.5322594381078164e+41
100.9646196000278,2.1075387295211843e+42,2.117581573566931e+41
100.9646196000278,2.136857513742546e+42,2.1470400676657065e+41
100.9646196000278,2.2791639357795253e+42,2.28774948287453e+41
101.74094396666624,2.0521010054101734e+42,2.1096071066222086e+41
101.74094396666624,2.0657003137575743e+42,2.1235877898896e+41
101.74094396666624,2.0282403924512513e+42,2.1268011835891e+41
101.74094396666624,2.0466278649739126e+42,2.146082393048729e+41
101.74094396666624,2.0728866962308836e+42,2.096708408036636e+41
101.74094396666624,2.0901409029574547e+42,2.1050019495355752e+41
101.74094396666624,2.0015920354661852e+42,2.085864398243437e+41
101.74094396666624,2.1546441980578836e+42,2.1869294051308135e+41
102.85857562505407,2.1309613078948914e+42,2.1554504158804766e+41
102.85857562505407,2.1192176593025077e+42,2.1435718087238722e+41
102.85857562505407,2.0978554686435388e+42,2.1186593254183843e+41
102.85857562505407,2.2068639698045538e+42,2.2746656074957385e+41
102.85857562505407,1.9363130134757635e+42,2.1934016568678536e+41
102.85857562505407,1.922098165685704e+42,2.130263283574137e+41
102.85857562505407,1.922098165685704e+42,2.1125996427698864e+41
102.85857562505407,1.876616645818541e+42,2.2510431267547287e+41
103.86236505000852,1.976367609809949e+42,2.100132490716529e+41
103.86236505000852,1.9437329057825422e+42,2.1284701687826783e+41
104.72421000013128,1.887661009388576e+42,3.199242433815019e+41
107.90374420001172,1.9251743015141966e+42,2.1069184312365624e+41
109.0393048999055,2.0356114783377742e+42,2.1770078846347053e+41
109.0393048999055,2.0234355397856355e+42,2.0353327227937222e+41
109.0393048999055,1.988334159359422e+42,2.0000249569707143e+41
109.0393048999055,1.9828477722596264e+42,1.9922964389267315e+41
109.93951389985159,2.1194071042513923e+42,2.3988620962019763e+41
110.93944882000797,2.045497388843849e+42,2.1125599456110203e+41
110.93944882000797,2.0307220680853966e+42,2.0991507608217837e+41
110.93944882000797,2.0153546575092933e+42,2.100308104999524e+41
110.93944882000797,2.0038898605589795e+42,2.0853233382874285e+41
113.06487350002863,1.8760312685314736e+42,1.8893699807801113e+41
113.06487350002863,1.867411687817083e+42,1.8783914982259455e+41
113.06487350002863,1.872578672160199e+42,1.881501884485777e+41
113.06487350002863,1.8502911545552877e+42,1.8591081623967734e+41
113.72322820004774,1.8497034683264373e+42,1.8913274755002882e+41
113.72322820004774,1.8571553316335916e+42,1.8989473238456866e+41
113.72322820004774,1.883216536122636e+42,1.89219044000005e+41
113.72322820004774,1.826838934624895e+42,1.839827885972515e+41
114.94192679999396,1.698782429090812e+42,1.83775346477464e+41
114.94192679999396,1.6939487197396836e+42,1.7082725808492702e+41
114.94192679999396,1.6523432055533332e+42,1.6663152545923102e+41
114.94192679999396,1.6955096228799478e+42,1.7075648137255112e+41
115.85099440012127,1.651759892884655e+42,1.8309681921243405e+41
115.85099440012127,1.7510403924233977e+42,1.8555523559641776e+41
115.85099440012127,1.7564377642250553e+42,1.911129805334663e+41
117.89325809990987,1.647296315458043e+42,1.7546117334258425e+41
117.89325809990987,1.6472613692409096e+42,1.754574763027753e+41
117.89325809990987,1.644370440957015e+42,1.7697769385915877e+41
117.89325809990987,1.644386487978558e+42,1.769794037248732e+41
119.00470025010873,1.5854612680828545e+42,1.5967340075041283e+41
119.00470025010873,1.582543428752139e+42,1.5937954221336888e+41
119.00470025010873,1.576723849941934e+42,1.5900564692659783e+41
119.00470025010873,1.5738220907153553e+42,1.585012074779445e+41
119.79160105000483,1.5875902690667055e+42,1.6419547096304165e+41
119.79160105000483,1.5468414575163836e+42,1.5976881545978335e+41
119.79160105000483,1.5665436973624605e+42,1.6059024443803429e+41
119.79160105000483,1.5573120527207254e+42,1.5964391323753798e+41
121.01968174998183,1.632151310931044e+42,1.6437560197906076e+41
121.01968174998183,1.5818322230297195e+42,1.5952080382461497e+41
121.01968174998183,1.5731148044212507e+42,1.5842997596308043e+41
121.01968174998183,1.6261493061761837e+42,1.637711340366256e+41
122.972968259966,1.6430626099672496e+42,1.6835777467122633e+41
122.972968259966,1.6365808856899863e+42,1.6769358500056269e+41
122.972968259966,1.6366167158588718e+42,1.6931572640914692e+41
122.972968259966,1.651112679125824e+42,1.7081544590198573e+41
123.81978416660179,1.624652256838154e+42,1.6383901539817595e+41
123.81978416660179,1.609757355417374e+42,1.6212028417022844e+41
123.81978416660179,1.5774674919498748e+42,1.5886833950692135e+41
123.81978416660179,1.4506425707546665e+42,1.469763971009773e+41
123.81978416660179,1.6067948022354702e+42,1.6227289451885531e+41
123.81978416660179,1.5064697595019613e+42,1.5290427152495818e+41
124.99085757129693,1.5744305492086573e+42,1.637723974796548e+41
124.99085757129693,1.5781497439559224e+42,1.643174836199269e+41
124.99085757129693,1.5009299308114282e+42,1.5116016465702666e+41
125.48844074993394,1.442338226892304e+42,1.4508187351701783e+41
125.48844074993394,1.4069125833287257e+42,1.415184799641589e+41
125.48844074993394,1.3952984569678568e+42,1.4035023857647219e+41
125.48844074993394,1.399159140355543e+42,1.409107258745842e+41
126.91888070001733,1.4408869229665584e+42,1.478025997388435e+41
126.91888070001733,1.4225157972798358e+42,1.4591820519070051e+41
126.91888070001733,1.4693252927134605e+42,1.531955546831761e+41
126.91888070001733,1.4618786686522946e+42,1.5219640479164268e+41
127.8976968000643,1.3795796677079685e+42,1.4452778270479985e+41
127.8976968000643,1.3795744185365934e+42,1.4452710884970484e+41
129.6747583554954,1.3254793200565461e+42,1.361693035052691e+41
129.6747583554954,1.329728284540559e+42,1.367168435205641e+41
129.6747583554954,1.2596999553208977e+42,1.2721920539623356e+41
129.6747583554954,1.2878554315547963e+42,1.3006267403247452e+41
129.6747583554954,1.1799595347054167e+42,1.2102562370497727e+41
130.90541624999605,1.149918640206041e+42,1.1767302579212265e+41
130.90541624999605,1.2085569326554626e+42,1.2367357666463521e+41
130.90541624999605,1.1362322555863518e+42,1.1654062140392154e+41
130.90541624999605,1.4173173839694896e+42,2.172840685813483e+41
131.53212099999655,1.206332737701915e+42,1.231745590811063e+41
131.53212099999655,1.1626985047448705e+42,1.1925520119867757e+41
131.53212099999655,1.2030041179429897e+42,1.2283468496649398e+41
131.53212099999655,1.1843146838365234e+42,1.2147232092163392e+41
137.07555125001818,1.3680991485620358e+42,1.3885987578930971e+41
137.07555125001818,1.3718845735578028e+42,1.3924409037293433e+41
137.07555125001818,1.3518159694827475e+42,1.3696347035698612e+41
137.07555125001818,1.4077241871605408e+42,1.423901819999567e+41
137.50671200000215,1.392251109362189e+42,1.4106028324223228e+41
137.50671200000215,1.3655813365004269e+42,1.3886589455971441e+41
137.50671200000215,1.3820303250843373e+42,1.4081881480530264e+41
137.50671200000215,1.3089334689904762e+42,1.3310537588066682e+41
138.9918460000772,1.3247001107224876e+42,1.3359016424906742e+41
138.9918460000772,1.3394224461796914e+42,1.3527051308773903e+41
138.9918460000772,1.3222621690570068e+42,1.3334430858340767e+41
138.9918460000772,1.3101395966248818e+42,1.323131891342335e+41
139.8215609168013,1.4934747432521266e+42,2.3149637451756665e+41
139.8215609168013,1.2865405316169973e+42,1.799542955263077e+41
139.8215609168013,1.2900838182577236e+42,1.653581461685834e+41
139.8215609168013,1.4986896783866326e+42,2.1108702259226797e+41
139.8215609168013,1.3641166188608172e+42,1.5157074919960889e+41
139.8215609168013,1.3640948580524015e+42,1.5156810997407298e+41
139.8215609168013,1.3185141552792155e+42,1.3893762370506717e+41
139.8215609168013,1.318460609020296e+42,1.3893218731569288e+41
140.92145240004174,1.2987048706853906e+42,1.3533208204067148e+41
140.92145240004174,1.2940414124447027e+42,1.3484607584744107e+41
140.92145240004174,1.277821219773244e+42,1.3096671176094149e+41
140.92145240004174,1.2932146966068154e+42,1.3209873529574757e+41
141.85851275001187,1.220766234481603e+42,1.2734648853319305e+41
141.85851275001187,1.2207876753168652e+42,1.2734881867855714e+41
141.85851275001187,1.2413104422828712e+42,1.2917597015609264e+41
141.85851275001187,1.2412947739801833e+42,1.2917450224784317e+41
141.85851275001187,1.2595487000328094e+42,1.3745164746922753e+41
141.85851275001187,1.2595044046808437e+42,1.3744703190588677e+41
141.85851275001187,1.2337862405954973e+42,1.29832307265091e+41
141.85851275001187,1.2337578491598005e+42,1.29829133896659e+41
142.8946551999543,1.1532470864296276e+42,1.18740580493986e+41
142.8946551999543,1.1527493354980654e+42,1.188399303065286e+41
142.8946551999543,1.157190481179628e+42,1.172443792235103e+41
142.8946551999543,1.1444711583846462e+42,1.1595568118330441e+41
143.75573695986532,1.1811577387104442e+42,1.2518005081905837e+41
143.75573695986532,1.173206972962692e+42,1.2433738713944828e+41
143.75573695986532,1.1719463867977859e+42,1.197519438317793e+41
143.75573695986532,1.1809884512194919e+42,1.2080938232255538e+41
144.926499000052,1.1568273843046156e+42,1.1701216992365483e+41
144.926499000052,1.1430587714944556e+42,1.1543941715364697e+41
144.926499000052,1.1430587714944556e+42,1.1561948568777473e+41
144.926499000052,1.1729204562784313e+42,1.1883811093462883e+41
146.9401972333435,1.212740712957968e+42,1.4215955345964956e+41
146.9401972333435,1.348410143549184e+42,1.498591215680952e+41
148.88618797494564,1.2575787302692159e+42,1.2904853532919456e+41
148.88618797494564,1.2610354163356135e+42,1.2920143822174747e+41
148.88618797494564,1.2338676010322467e+42,1.2461035273077562e+41
148.88618797494564,1.2544939195206285e+42,1.2689106228875937e+41
149.67215769999893,1.3318489746391698e+42,1.3912675411297627e+41
149.67215769999893,1.3246278665339057e+42,1.3809825319138627e+41
149.67215769999893,1.304234395295123e+42,1.3152628710186526e+41
149.67215769999893,1.2663555242676857e+42,1.2789136243592681e+41
150.87942390015814,1.2512335780808404e+42,1.2963042370864385e+41
150.87942390015814,1.2712769253905701e+42,1.314693058286955e+41
150.87942390015814,1.1894759055699526e+42,1.2012716115880643e+41
150.87942390015814,1.2149422897061066e+42,1.2269905388646111e+41
151.72311055008322,1.3139618050244854e+42,1.3714638058525902e+41
151.72311055008322,1.31903546272131e+42,1.3781351793211054e+41
151.72311055008322,1.3658224865513858e+42,1.3838258451796846e+41
151.72311055008322,1.345842561674527e+42,1.3635825582946101e+41
152.83320025005378,1.2536076566314302e+42,1.326766484488847e+41
152.83320025005378,1.2535762692782352e+42,1.3267324765280897e+41
153.4166636666438,1.1872868268140851e+42,1.1990608243391253e+41
153.4166636666438,1.2149422897061063e+42,1.2269905388646108e+41
153.4166636666438,1.2261840123025043e+42,1.238343742537896e+41
153.4166636666438,1.2698594324896371e+42,1.2824522798771564e+41
153.4166636666438,1.1818317393608432e+42,1.1954134055219199e+41
153.4166636666438,1.1624001283530773e+42,1.1739273313214283e+41
155.00873024982866,1.0679616293017365e+42,1.0802346947804654e+41
155.00873024982866,1.0958614489180956e+42,1.1103063616838934e+41
155.00873024982866,1.1203549807709224e+42,1.1332301531190262e+41
155.00873024982866,1.1224206528832114e+42,1.1372156513142945e+41
155.80561484995997,1.1890629705133668e+42,1.2359226407648691e+41
155.80561484995997,1.2032435633254996e+42,1.2518568149552918e+41
155.80561484995997,1.4328286557048524e+42,1.4492947902819556e+41
155.80561484995997,1.1983791891991849e+42,1.214175422258957e+41
156.51796660005735,1.0792573781700856e+42,1.3232638299725055e+41
156.51796660005735,1.1159626816196075e+42,1.3081851781060723e+41
156.51796660005735,1.104169748398558e+42,1.1855563304720831e+41
156.51796660005735,1.074078057333206e+42,1.1532466290979236e+41
157.65252717994153,1.1253301741587356e+42,1.1824350020041374e+41
157.65252717994153,1.1074277629016676e+42,1.164550226867329e+41
157.65252717994153,1.1082451626639595e+42,1.12697392525296e+41
157.65252717994153,1.092033205902958e+42,1.112702225068074e+41
158.81147349994475,1.2060001690828836e+42,1.3026209373905939e+41
158.81147349994475,1.195187173360525e+42,1.2909418897636127e+41
158.81147349994475,1.194086653914302e+42,1.216687248659181e+41
158.81147349994475,1.1604751480647439e+42,1.1902715682849658e+41
158.81147349994475,1.2140479622473493e+42,1.2300507305950002e+41
158.81147349994475,1.1875060867306218e+42,1.2052996880802183e+41
158.81147349994475,1.170134662085534e+42,1.1922819151412818e+41
158.81147349994475,1.1583394415057086e+42,1.1880810252133121e+41
159.86218750011176,1.193494475879511e+42,1.2880692128161263e+41
159.86218750011176,1.1934910001638154e+42,1.2880639089883932e+41
162.79453699989244,1.172618869696719e+42,1.1978033162231924e+41
162.79453699989244,1.172618869696719e+42,1.1978024065939227e+41
163.82855319976807,1.2376670933619454e+42,1.3125365949348148e+41
163.82855319976807,1.2377043972106834e+42,1.3125752718772223e+41
164.88839772733098,1.1149171425516784e+42,1.1652824704778449e+41
164.88839772733098,1.144197790886061e+42,1.1888956376969959e+41
164.88839772733098,1.0665304991243328e+42,1.0867168260669773e+41
164.88839772733098,1.0645676857145068e+42,1.094530266993546e+41
164.88839772733098,1.0793772974332817e+42,1.1021156811741357e+41
164.88839772733098,1.1188536404807875e+42,1.1449409435637598e+41
164.88839772733098,1.1250537700061516e+42,1.3771204161984998e+41
165.83457179996185,1.0754962426045773e+42,1.1354291704769934e+41
165.83457179996185,1.0755115964941968e+42,1.1354469911749959e+41
165.83457179996185,8.89220072244951e+41,9.477340259653001e+40
165.83457179996185,8.892171238531058e+41,9.477311573457247e+40
166.86818032496376,1.0658209776988926e+42,1.096587516926878e+41
166.86818032496376,1.064599895010082e+42,1.0953308667164537e+41
166.86818032496376,9.662979630077046e+41,9.911086797315717e+40
166.86818032496376,9.565574622014146e+41,1.1590154345377949e+41
167.8144039500039,1.0143938411974012e+42,1.051544420849059e+41
167.8144039500039,1.0144241073695503e+42,1.051576006314869e+41
168.9107502499828,9.399636608570842e+41,9.577544448879628e+40
168.9107502499828,9.399636608570842e+41,9.558485542358773e+40
168.9107502499828,9.373700301643095e+41,9.551117242937031e+40
168.9107502499828,9.469151478340802e+41,9.629175177005846e+40
170.86647839991687,1.0832184217813304e+42,1.1051166223930851e+41
170.86647839991687,1.1067113484350136e+42,1.1315261586575825e+41
170.86647839991687,1.0552378562776456e+42,1.0657023604122367e+41
170.86647839991687,1.0748561927530956e+42,1.0909618471288546e+41
171.73229219997302,1.0738113463635822e+42,1.1116192710275974e+41
171.73229219997302,1.1029183432557779e+42,1.1397118829421211e+41
171.73229219997302,1.0898094278300504e+42,1.1041745669011352e+41
171.73229219997302,1.0571839487881174e+42,1.0750498036159072e+41
172.85051339995115,1.0834747589573879e+42,1.1273831737925173e+41
172.85051339995115,1.0898226730012594e+42,1.1339881501779163e+41
172.85051339995115,1.0818089263465795e+42,1.0980187605419072e+41
172.85051339995115,1.0455638532921661e+42,1.0593457767887792e+41
173.52043846668676,1.0889335021379475e+42,1.1406355616348016e+41
173.52043846668676,1.0939393699427995e+42,1.1441242340906417e+41
173.52043846668676,1.0709035616848336e+42,1.0869499898028947e+41
173.52043846668676,1.024590590107236e+42,1.1355547566543505e+41
174.84694247500738,1.0518243337271663e+42,1.0913192625200946e+41
174.84694247500738,1.0468140356783119e+42,1.0871366092569504e+41
174.84694247500738,1.0081470628787298e+42,1.0214357832664718e+41
174.84694247500738,1.0259445509986727e+42,1.0394678659727986e+41
175.6795097499853,1.0275986006983265e+42,1.0411437182494528e+41
175.6795097499853,1.0172401756764074e+42,1.0324825111600194e+41
175.6795097499853,1.0209947388939778e+42,1.032728058650116e+41
175.6795097499853,1.0209947388939778e+42,1.038249015035729e+41
176.85750959992097,9.838058649457527e+41,1.022830846025024e+41
176.85750959992097,1.0118723495697375e+42,1.0505210952379639e+41
176.85750959992097,9.696689835386136e+41,9.841985118727858e+40
176.85750959992097,9.986734500276009e+41,1.0175754399732684e+41
177.54263516678475,9.967390740488541e+41,1.0365592856439912e+41
177.54263516678475,9.72937670597543e+41,1.0089574215562668e+41
177.54263516678475,9.842918501284577e+41,9.990404876205495e+40
177.54263516678475,9.126912546987402e+41,9.695325602742404e+40
178.79818574996898,9.533304310897356e+41,9.921400774582592e+40
178.79818574996898,9.535940274271806e+41,9.924136264829886e+40
178.79818574996898,8.870005501375711e+41,9.037888961980762e+40
178.79818574996898,9.17748934980647e+41,9.370824224562255e+40
179.73023167502834,9.361200261974709e+41,9.80257550676118e+40
179.73023167502834,9.20432453740837e+41,9.638301781976014e+40
179.73023167502834,9.23824109057044e+41,9.376666974002868e+40
179.73023167502834,9.18732948716522e+41,9.324992510697237e+40
180.8312102400232,9.08299174467414e+41,9.53230158003961e+40
180.8312102400232,8.958348342032799e+41,9.401489507962151e+40
180.8312102400232,8.965106486858397e+41,9.33806663084632e+40
180.8312102400232,8.780802484301796e+41,9.159551165533397e+40
181.42483709229586,9.018787854266305e+41,9.606771904644806e+40
181.42483709229586,8.988559047146927e+41,9.56342022184338e+40
181.42483709229586,8.788801290855532e+41,8.97394798316489e+40
181.42483709229586,8.77262662257913e+41,8.957432576005962e+40
181.42483709229586,9.788804286114544e+41,1.00170410232467e+41
181.42483709229586,8.935721928373373e+41,9.165155989062116e+40
181.42483709229586,9.0934701485678e+41,9.285035057581384e+40
181.42483709229586,8.668214416459906e+41,8.832278557488476e+40
181.42483709229586,9.0934701485678e+41,9.397269705607576e+40
182.80150135001168,9.286823546071458e+41,9.776365755831143e+40
182.80150135001168,9.353671007634445e+41,9.836208536670716e+40
182.80150135001168,9.339629440007617e+41,9.516401518775112e+40
182.80150135001168,9.118631080240646e+41,9.255264726256347e+40
183.72139578328157,9.680817893784886e+41,1.0137248254472276e+41
183.72139578328157,1.0264441344881037e+42,1.074015379312395e+41
183.72139578328157,1.0023534335182969e+42,1.0439066760669221e+41
183.72139578328157,1.1024432554464326e+42,1.1464879672229714e+41
184.89156639995053,9.440780061990515e+41,9.619466628461338e+40
184.89156639995053,9.493096162226539e+41,9.714438139246328e+40
184.89156639995053,9.669585996813527e+41,9.895043028420755e+40
184.89156639995053,9.554498138909253e+41,9.735337058530647e+40
184.89156639995053,9.25140897559514e+41,9.426511297014746e+40
185.6658968000673,9.716419964599409e+41,1.0231465990238743e+41
185.6658968000673,9.7790926960558e+41,1.0426809028821096e+41
186.86372775002383,9.451533052522946e+41,9.717549324759947e+40
186.86372775002383,8.796345060956891e+41,9.114780434743078e+40
186.86372775002383,9.382147523019547e+41,9.670395904353786e+40
186.86372775002383,9.034461207168284e+41,9.501855320080213e+40
187.71064809989184,8.783260752561243e+41,9.411109580626019e+40
187.71064809989184,8.78343921572318e+41,9.411293781831124e+40
191.66930600022897,9.143285006444375e+41,1.1606567113923655e+41
192.77707161026774,7.316220471525177e+41,8.250584700966537e+40
192.77707161026774,7.604175662625837e+41,8.524977000450272e+40
192.77707161026774,7.781812872106263e+41,8.636773709722762e+40
192.77707161026774,8.043489688193944e+41,9.138943409611492e+40
192.77707161026774,7.761247800714668e+41,9.018790679431266e+40
192.77707161026774,7.122313864980564e+41,8.396896334077822e+40
193.57993963074225,7.032954419867064e+41,7.85318395094094e+40
193.57993963074225,7.31721624906198e+41,8.109677950703399e+40
193.57993963074225,7.263118202467681e+41,8.016029240221211e+40
193.57993963074225,7.84212053026111e+41,8.55008157122938e+40
194.78892715003653,7.844150705367062e+41,8.356763849011843e+40
194.78892715003653,7.877459561502707e+41,8.4424827509805955e+40
194.78892715003653,7.821525697433804e+41,8.509233796256491e+40
194.78892715003653,7.850034376037157e+41,8.551479867817239e+40
195.6335943286928,7.31608559474194e+41,8.131402459042093e+40
195.6335943286928,7.497551028857467e+41,8.321281001943985e+40
195.6335943286928,7.40801315804675e+41,8.221905915270481e+40
196.73557818636652,7.805346760893304e+41,8.460131683699366e+40
196.73557818636652,8.424323911452755e+41,9.078979952932749e+40
196.73557818636652,7.690887367580521e+41,8.385195572320742e+40
196.73557818636652,8.535456229755582e+41,9.104184868505117e+40
196.73557818636652,8.597849991199913e+41,9.328309888089954e+40
196.73557818636652,8.330892491068775e+41,8.791634881960585e+40
196.73557818636652,8.330758536953871e+41,8.791489831587726e+40
197.56591617718666,7.566491915707705e+41,8.209185823150872e+40
197.56591617718666,7.56872697328819e+41,8.195757152878005e+40
197.56591617718666,7.472547252910047e+41,8.091609436355407e+40
197.56591617718666,8.212109451113086e+41,8.77828573194729e+40
197.56591617718666,8.422809737427684e+41,9.608720710398522e+40
197.56591617718666,8.16363496849389e+41,8.553036048618736e+40
197.56591617718666,8.163894884906177e+41,8.553309298881996e+40
198.7034683516494,7.147616970927123e+41,7.7622795554310615e+40
198.7034683516494,7.060863577606983e+41,7.668065764446981e+40
198.7034683516494,7.121835461848636e+41,7.749444742066206e+40
198.7034683516494,7.526498637322797e+41,8.163155921631905e+40
198.7034683516494,7.51656036497514e+41,8.4577211743783e+40
198.7034683516494,7.46281106552228e+41,8.415896574336854e+40
199.6604517499994,7.925600002426201e+41,8.323704448105518e+40
199.6604517499994,7.831405723150156e+41,8.224773043649766e+40
199.6604517499994,7.769917087723618e+41,8.142260824730635e+40
199.6604517499994,7.829698481583541e+41,8.163659940862852e+40
200.8039271999816,7.586276456208382e+41,7.975567279761557e+40
200.8039271999816,7.61145352943183e+41,8.019211857770774e+40
200.8039271999816,7.537607394583746e+41,8.063746376646148e+40
201.6262757657282,6.741777577572366e+41,7.387344428249966e+40
201.6262757657282,6.659863917175058e+41,7.319931095871359e+40
201.6262757657282,6.845638357027858e+41,7.51642392361298e+40
201.6262757657282,7.424664756230774e+41,8.05528928227923e+40
201.6262757657282,7.469307971830666e+41,8.243561357158954e+40
201.6262757657282,6.95184792809294e+41,7.892663845588558e+40
201.6262757657282,7.071225826422202e+41,8.028197538478785e+40
201.6262757657282,6.860726415227593e+41,7.806918834511508e+40
202.81660583997146,7.143079900144575e+41,7.449355834091102e+40
202.81660583997146,7.308436967625919e+41,7.610637684483645e+40
202.81660583997146,6.9689360508803804e+41,7.165078875479442e+40
203.6227783500799,6.839826520684947e+41,7.235460075483371e+40
203.6227783500799,6.9109007599918375e+41,7.335463258219829e+40
203.6227783500799,7.093756935753537e+41,7.259155680043646e+40
203.6227783500799,6.887732999382335e+41,7.099345307040381e+40
204.67312880565242,6.088080407997294e+41,6.855437725607307e+40
204.67312880565242,6.059654930959012e+41,6.8335415069967825e+40
204.67312880565242,6.150572631906095e+41,6.925806630193181e+40
204.67312880565242,6.300729935624704e+41,6.749700241145485e+40
204.67312880565242,6.2605699211607054e+41,6.714844240656692e+40
204.67312880565242,6.028695693831824e+41,6.808743926600938e+40
204.67312880565242,6.722058517358818e+41,7.666611515907157e+40
204.67312880565242,6.5425071160110164e+41,7.478978233589342e+40
205.62928794953973,5.8747721742442554e+41,6.639853035780305e+40
205.62928794953973,5.751804654429759e+41,6.4226180498933165e+40
205.62928794953973,5.935699559813229e+41,6.671545507457954e+40
205.62928794953973,6.431809735445754e+41,7.30269926100987e+40
205.62928794953973,6.528975222711071e+41,7.4018584653915745e+40
205.62928794953973,5.7101848650430746e+41,6.497701128630197e+40
205.62928794953973,5.448152304744725e+41,6.130324360034564e+40
205.62928794953973,5.4318207405352976e+41,6.098482429090677e+40
206.74369911383837,5.6972700318005595e+41,6.307636397826035e+40
206.74369911383837,5.6554893184906044e+41,6.267984362561561e+40
206.74369911383837,5.586482174988944e+41,6.184979491244195e+40
206.74369911383837,5.871814477338091e+41,6.445164790656306e+40
206.74369911383837,5.557049849822677e+41,6.227184533754737e+40
206.74369911383837,5.070393051873716e+41,5.963234408998855e+40
206.74369911383837,5.573583962067183e+41,6.523376065671711e+40
206.74369911383837,6.3150444922396786e+41,7.355786188502169e+40
207.62210607896782,5.975216938248059e+41,6.615360626094239e+40
207.62210607896782,5.767117603046811e+41,6.432765246355306e+40
207.62210607896782,5.791227166831932e+41,6.545427830063733e+40
207.62210607896782,6.040901816422527e+41,1.1250233590438902e+41
207.62210607896782,6.842335987514242e+41,7.644968868437486e+40
207.62210607896782,7.76894632968985e+41,1.0572944019777588e+41
207.62210607896782,8.347609434315763e+41,1.0998782579393747e+41
208.7629805999653,7.181607443264365e+41,7.494915428290178e+40
208.7629805999653,7.235045038501969e+41,7.573539856404329e+40
208.7629805999653,7.622129154804328e+41,7.799847478457005e+40
208.7629805999653,7.133067002979316e+41,7.333829343141983e+40
209.66926728568174,7.232750951130281e+41,7.561726794899346e+40
209.66926728568174,7.272327013633379e+41,7.591674798884234e+40
209.66926728568174,7.27486892110141e+41,7.498375233039187e+40
209.66926728568174,7.018190825982895e+41,7.233811198666323e+40
209.66926728568174,7.102727819635844e+41,7.320945428349034e+40
210.63747913544424,5.930384888757541e+41,6.75854050732825e+40
210.63747913544424,5.936897273232162e+41,6.765962321442618e+40
210.63747913544424,6.030893979917732e+41,6.852249574302661e+40
210.63747913544424,7.085229086767496e+41,7.591486749051615e+40
210.63747913544424,7.085090241812857e+41,7.591333866393933e+40
211.61105896672234,6.687671701534245e+41,7.326442508906659e+40
211.61105896672234,6.73172193013901e+41,7.374697900916511e+40
211.61105896672234,7.228116980249157e+41,7.678275348585247e+40
211.61105896672234,6.4837337507316624e+41,6.737242622532858e+40
213.5373052792934,5.6650779435958286e+41,6.367375053798231e+40
213.5373052792934,5.7675105656256715e+41,6.489669990763673e+40
213.5373052792934,5.708106443783946e+41,6.437096295808404e+40
213.5373052792934,6.680136178539876e+41,7.019341864194991e+40
213.5373052792934,6.69505372412433e+41,7.122593843858488e+40
214.67815685276872,5.557775188289789e+41,7.244883223503255e+40
214.67815685276872,6.030570860545753e+41,7.36914340549575e+40
214.67815685276872,5.764996071946879e+41,7.032647314290853e+40
214.67815685276872,5.936601503407303e+41,7.279102947354977e+40
214.67815685276872,5.5852893325494014e+41,6.860064769659263e+40
214.67815685276872,6.0866467273619835e+41,7.301067221769277e+40
214.67815685276872,6.119845904741165e+41,6.5598596987104e+40
214.67815685276872,6.119705176814428e+41,6.559709209111352e+40
215.61895268134927,5.579112392652e+41,7.221140297295059e+40
215.61895268134927,5.6418009775112e+41,7.074587388027068e+40
215.61895268134927,5.144473201697594e+41,6.23331485973824e+40
215.61895268134927,4.688407052228595e+41,5.783218792326353e+40
215.61895268134927,4.8797712432883366e+41,6.097782209031359e+40
219.62853740894934,6.247864658389585e+41,7.208888847241149e+40
219.62853740894934,6.190972854806875e+41,7.177022294052638e+40
219.62853740894934,6.1292125259876684e+41,7.196847016182752e+40
219.62853740894934,5.99125476758407e+41,6.978634770562443e+40
219.62853740894934,5.614337269877199e+41,6.751405848525487e+40
219.62853740894934,5.543219297332488e+41,6.6492140135055765e+40
219.62853740894934,5.8311140036693745e+41,6.94254223087652e+40
219.62853740894934,5.659070677631968e+41,6.7544334908105435e+40
219.62853740894934,5.359705884473209e+41,6.52714612582193e+40
219.62853740894934,5.7245508248046195e+41,6.866725186866204e+40
221.60230285362067,6.383108643734999e+41,7.280033952244314e+40
221.60230285362067,6.460213904610395e+41,7.376423785034124e+40
221.60230285362067,6.339403301999966e+41,7.280408443743177e+40
221.60230285362067,6.623364158911953e+41,7.502763147843956e+40
221.60230285362067,6.143947213722691e+41,7.0669024677013075e+40
221.60230285362067,5.921091824859583e+41,7.009237972473284e+40
221.60230285362067,6.249599116218819e+41,7.177273949643664e+40
221.60230285362067,6.231794361021644e+41,7.145760339297367e+40
221.60230285362067,6.119786272299614e+41,7.028192012440278e+40
221.60230285362067,6.3065673805479415e+41,7.220355779361462e+40
222.64489335487107,5.887628295780679e+41,6.73036239637378e+40
222.64489335487107,6.020510306218993e+41,6.871731600393944e+40
222.64489335487107,5.880329056793801e+41,6.7220183703701965e+40
222.64489335487107,5.803653265286405e+41,6.665133013988676e+40
222.64489335487107,5.8720098849726015e+41,6.7228331913494655e+40
222.64489335487107,6.0490667686409526e+41,6.798072779827599e+40
222.64489335487107,6.031386667729369e+41,6.768272946574631e+40
222.64489335487107,6.1162332678573554e+41,6.921550359350848e+40
222.64489335487107,6.110599816245168e+41,6.915180250169702e+40
222.64489335487107,5.8217333411762105e+41,6.717211535378334e+40
222.64489335487107,6.167147406609904e+41,6.965772378567161e+40
222.64489335487107,6.3406260707468644e+41,7.098730874290854e+40
222.64489335487107,6.254838614192485e+41,6.948684700303319e+40
222.64489335487107,6.037388559954532e+41,6.765268312346658e+40
223.6369485084142,6.024845050249381e+41,7.47023038410064e+40
223.6369485084142,6.20035857147626e+41,7.047459351618465e+40
223.6369485084142,6.205864225101156e+41,7.045723771107284e+40
223.6369485084142,6.199703699548578e+41,7.964166461771552e+40
225.62229654706704,5.305544085554257e+41,6.150569397915709e+40
225.62229654706704,5.1016652724248165e+41,5.914218371763353e+40
225.62229654706704,5.247280245572267e+41,6.06389617849006e+40
225.62229654706704,5.306125858290251e+41,6.131899728783108e+40
225.62229654706704,5.345431771565487e+41,6.167646962387852e+40
225.62229654706704,5.171157648900037e+41,5.985331066155114e+40
225.62229654706704,5.270346605638767e+41,6.109765940369969e+40
225.62229654706704,5.128072699378362e+41,5.973197240664941e+40
225.62229654706704,5.1301978445226206e+41,5.9852170446478295e+40
225.62229654706704,5.028353808535231e+41,5.866399276101483e+40
227.59260388400014,5.0660785835257184e+41,5.694118018232961e+40
227.59260388400014,5.192637766699225e+41,5.817179549723555e+40
227.59260388400014,5.216850219509969e+41,5.844304142592825e+40
227.59260388400014,5.213683959907059e+41,6.715327930523574e+40
227.59260388400014,5.227129550383813e+41,6.031147916792289e+40
228.67105804302818,5.034517402651301e+41,5.652417004467357e+40
228.67105804302818,5.083301477245874e+41,5.726130203594168e+40
228.67105804302818,4.8558832604254885e+41,5.494428863514697e+40
228.67105804302818,4.8670102074261414e+41,5.494703123216438e+40
228.67105804302818,4.958422966721772e+41,5.757262472858952e+40
228.67105804302818,5.295186187191079e+41,5.769969463660421e+40
228.67105804302818,5.232786807149443e+41,5.709526583657816e+40
228.67105804302818,5.2962897335239285e+41,5.824856229823162e+40
228.67105804302818,5.273369247001932e+41,5.799641810226977e+40
228.67105804302818,4.984699869946411e+41,5.796963657268275e+40
228.67105804302818,5.292921013526047e+41,6.240122226790074e+40
228.67105804302818,5.324614562262942e+41,6.262221576808356e+40
228.67105804302818,5.4256335274025986e+41,6.365571645069566e+40
228.67105804302818,5.2237207642092516e+41,6.173608841602011e+40
229.62259668597642,4.7761077332522e+41,5.590002247424905e+40
229.62259668597642,4.777412769214521e+41,5.59152967401781e+40
229.62259668597642,4.829147146208265e+41,5.643016230779524e+40
229.62259668597642,4.712752796211635e+41,5.533657179550518e+40
229.62259668597642,5.0521489901858054e+41,5.866088468793811e+40
229.62259668597642,4.963301417460785e+41,5.772078297142814e+40
229.62259668597642,4.828262588449083e+41,5.651044789605204e+40
229.62259668597642,4.898114552627496e+41,5.705341176961475e+40
229.62259668597642,4.993890800521844e+41,5.816901689688432e+40
229.62259668597642,4.849053959273011e+41,5.657216600027343e+40
230.65356205853269,4.9101732828997926e+41,5.553589156280034e+40
230.65356205853269,4.885628597093829e+41,5.534114051175805e+40
230.65356205853269,4.8445356003671355e+41,5.557001455282654e+40
230.65356205853269,4.852166074166619e+41,5.557167375241893e+40
230.65356205853269,4.769926619724373e+41,5.564901583001288e+40
230.65356205853269,5.2309633137215595e+41,6.049408851737937e+40
230.65356205853269,5.2565686177120106e+41,6.07901714785042e+40
230.65356205853269,5.136053620499604e+41,5.853629011835104e+40
230.65356205853269,5.223225101440547e+41,5.925969754675778e+40
231.57374217861184,4.62540217587825e+41,5.33686499033227e+40
231.57374217861184,4.6819331840621326e+41,5.395761551320279e+40
231.57374217861184,4.812189587975537e+41,5.532935134098234e+40
231.57374217861184,4.725165094009884e+41,5.395304350958568e+40
231.57374217861184,4.769810976638641e+41,5.591623934143467e+40
232.63461549146675,5.084660973929398e+41,5.913213562387642e+40
232.63461549146675,5.0151925877821945e+41,5.832425205950699e+40
232.63461549146675,5.065729344615968e+41,5.881856721210686e+40
232.63461549146675,4.930112079834443e+41,5.751784189717746e+40
232.63461549146675,4.253400355076697e+41,5.026844125912921e+40
233.59584304477903,5.390332876171948e+41,6.200078773344483e+40
233.59584304477903,5.518193962825425e+41,6.337300847935082e+40
233.59584304477903,5.4114720647396914e+41,6.234096242306956e+40
233.59584304477903,5.2510424654969325e+41,6.06824389958673e+40
233.59584304477903,5.513171439940985e+41,6.352930651738725e+40
233.59584304477903,5.474898661744516e+41,6.134783506380911e+40
233.59584304477903,5.474898661744518e+41,6.134794199300263e+40
234.68274309998378,5.648545504967874e+41,6.106707966567141e+40
235.65223258659245,4.744754768658152e+41,5.5893142089832e+40
235.65223258659245,4.53002881695605e+41,5.36253294821341e+40
235.65223258659245,4.4616500204956425e+41,5.298944811573237e+40
235.65223258659245,4.4325260948763655e+41,5.273029266452358e+40
235.65223258659245,3.752634465753669e+41,4.524002518734024e+40
235.65223258659245,5.62984061627296e+41,6.052048322174683e+40
235.65223258659245,5.629859211232625e+41,6.052077672713105e+40
236.65595266449574,5.081831276227367e+41,5.858752565854036e+40
236.65595266449574,5.152828644251095e+41,5.931342231265984e+40
236.65595266449574,4.971596009464079e+41,5.772557792589166e+40
236.65595266449574,4.891599562648233e+41,5.706853023068627e+40
236.65595266449574,5.0106582932977555e+41,5.921802817963629e+40
236.65595266449574,5.500061253751589e+41,6.597444986739542e+40
237.68753209787732,4.506758239171519e+41,5.164512340014252e+40
237.68753209787732,4.488034610488854e+41,5.151010825973367e+40
237.68753209787732,4.242191533646177e+41,5.013597078030592e+40
237.68753209787732,4.380589927402427e+41,5.151964417659226e+40
237.68753209787732,4.5061521475173554e+41,5.405229055375666e+40
237.68753209787732,4.8182651853623454e+41,5.808677619265508e+40
238.6481755697885,4.191760006733276e+41,4.93788718461159e+40
238.6481755697885,4.575872393492226e+41,5.347056406580445e+40
238.6481755697885,4.339128557117987e+41,5.086737233852544e+40
238.6481755697885,4.332946072363751e+41,5.08769273050242e+40
238.6481755697885,4.1498801996897215e+41,4.928666760454129e+40
240.6280715096509,4.424370129951667e+41,5.16175327271059e+40
240.6280715096509,4.364668047933793e+41,5.108449298022823e+40
240.6280715096509,4.392053494958434e+41,5.124050618651416e+40
240.6280715096509,4.447102987200543e+41,5.188274878465968e+40
240.6280715096509,4.400448517005374e+41,5.133844788499891e+40
240.6280715096509,4.137129707457742e+41,5.004322976199694e+40
240.6280715096509,4.248574080793663e+41,5.173989851207187e+40
240.6280715096509,4.2557627247104485e+41,5.062747724015633e+40
240.6280715096509,4.284663300205996e+41,5.05554245669395e+40
240.6280715096509,4.263397412959835e+41,5.030450497695197e+40
240.6280715096509,3.494581776479974e+41,4.0511712628029645e+40
240.6280715096509,3.58257431410051e+41,4.1143626685631727e+40
241.59869438657188,4.230576542968079e+41,5.205061954787572e+40
241.59869438657188,4.095979079160562e+41,5.181258278043911e+40
241.59869438657188,4.304651866197515e+41,5.55184996113267e+40
241.59869438657188,4.3841896867115654e+41,5.776593829693645e+40
241.59869438657188,4.774190495213212e+41,6.279217931307222e+40
241.59869438657188,5.289263556371459e+41,9.769753571573386e+40
245.29029133326063,4.8704322659788186e+41,8.730999867963867e+40
245.29029133326063,4.238063971710404e+41,6.85266923733394e+40
245.29029133326063,5.2139577531003854e+41,6.073236455391547e+40
247.6340537449426,4.7367052707853575e+41,6.224350283178606e+40
247.6340537449426,4.902087600759521e+41,5.765292188930659e+40
247.6340537449426,4.6029684131440985e+41,5.378718990895171e+40
247.6340537449426,4.446630238189241e+41,5.246649825974436e+40
247.6340537449426,4.661550351328129e+41,5.438462894182867e+40
247.6340537449426,4.0373818884190394e+41,4.806919268751527e+40
247.6340537449426,4.3695383918142745e+41,5.376032749252579e+40
247.6340537449426,5.012282719220932e+41,6.104047952904167e+40
247.6340537449426,4.32947822304495e+41,5.299491465558488e+40
247.6340537449426,4.707990301432676e+41,5.82237917084385e+40
248.6142574074329,4.682029139473137e+41,5.462354758702302e+40
248.6142574074329,4.3550097723675394e+41,5.146930329845327e+40
248.6142574074329,4.311433910162579e+41,5.103765854811274e+40
248.6142574074329,4.41934774665676e+41,5.197547069542551e+40
248.6142574074329,4.358448475265403e+41,5.159420501745558e+40
248.6142574074329,3.597015206976355e+41,4.1309471313935036e+40
249.54147438352047,4.383298072392214e+41,5.212318941078257e+40
249.54147438352047,4.179273782635565e+41,5.000634108424944e+40
249.54147438352047,4.357549054545442e+41,5.340682977573715e+40
249.54147438352047,4.3469520215524756e+41,5.260341001416662e+40
249.54147438352047,4.021734914658342e+41,4.72991891981632e+40
249.54147438352047,3.6504152818906955e+41,4.1538598237539133e+40
250.59714367764536,4.108174977535279e+41,4.994536629068138e+40
250.59714367764536,3.8895361964218335e+41,4.704830820127958e+40
250.59714367764536,4.1367193593202564e+41,5.187276673514384e+40
250.59714367764536,3.9628298980496255e+41,4.809688524684555e+40
250.59714367764536,3.935930618794078e+41,4.826000894856261e+40
250.59714367764536,3.350751910420719e+41,3.921752137081882e+40
251.63506141690198,3.788555609794855e+41,6.169046002399863e+40
251.63506141690198,4.366967626660323e+41,6.827596263282403e+40
251.63506141690198,4.0706826988312785e+41,5.838199872424065e+40
251.63506141690198,4.080847316898966e+41,5.758219086131892e+40
251.63506141690198,3.957190409478448e+41,5.404908664684497e+40
251.63506141690198,4.434010437944517e+41,5.037314741955402e+40
251.63506141690198,4.732729960967195e+41,5.233437634720461e+40
251.63506141690198,4.212947206877213e+41,4.856728063054234e+40
251.63506141690198,4.213104463181999e+41,4.856919610954472e+40
252.59644632521668,3.714998887992437e+41,4.501288443837736e+40
252.59644632521668,3.936676089249945e+41,4.706449379973202e+40
252.59644632521668,3.705243936724688e+41,4.466870689175936e+40
252.59644632521668,3.837670630588427e+41,4.603370707055898e+40
252.59644632521668,3.759600507851032e+41,4.524813286531573e+40
252.59644632521668,3.1706059761575024e+41,3.675595146386532e+40
253.5837075014133,3.693589200096481e+41,4.45282027783362e+40
253.5837075014133,3.662988933608354e+41,4.423349609035315e+40
253.5837075014133,3.671786011075877e+41,4.419125408011356e+40
253.5837075014133,3.656294156628813e+41,4.400480408711907e+40
253.5837075014133,3.63046749873395e+41,4.428762341891636e+40
253.5837075014133,3.256433950272398e+41,3.775093124833926e+40
254.57709841587348,3.4569700652695904e+41,4.195726205984366e+40
254.57709841587348,3.56453781376571e+41,4.333606716827926e+40
254.57709841587348,3.644392660894707e+41,4.378829257033551e+40
254.57709841587348,3.555144597398882e+41,4.285917869132516e+40
254.57709841587348,3.534417461424807e+41,4.268089360772442e+40
254.57709841587348,3.167687084540533e+41,3.654929378892793e+40
255.57709947918192,3.665643634093772e+41,5.043004926351535e+40
255.57709947918192,3.4228081285505177e+41,5.053015488326451e+40
255.57709947918192,3.1062080539116445e+41,4.839178225595503e+40
255.57709947918192,3.614687571634645e+41,4.875173765178019e+40
255.57709947918192,3.658427986444965e+41,4.760488928477676e+40
255.57709947918192,3.087040121051676e+41,4.156038793917452e+40
256.58297004514475,3.2743795737852783e+41,4.0217175188600887e+40
256.58297004514475,3.2980872982081748e+41,4.037018917542575e+40
256.58297004514475,3.3548824202624864e+41,4.120594176467996e+40
256.58297004514475,3.660915934580462e+41,4.428288939631635e+40
256.58297004514475,3.3822653790795033e+41,4.125983649867364e+40
256.58297004514475,3.4356866552078663e+41,3.9277481601970924e+40
256.58297004514475,4.050855056661336e+41,4.45292458896254e+40
257.5956012702857,3.606085770085725e+41,4.3546345267124353e+40
257.5956012702857,3.609610227545689e+41,4.351579113311038e+40
257.5956012702857,3.695968776270466e+41,4.433396202182146e+40
257.5956012702857,3.661154518517149e+41,4.391635730855575e+40
257.5956012702857,3.745431132762651e+41,4.485253703781277e+40
257.5956012702857,3.6914250545380335e+41,4.446073334366209e+40
257.5956012702857,4.157514757982778e+41,5.239706629742603e+40
258.62659725011326,5.152549928844159e+41,5.787852924221012e+40
258.62659725011326,5.152358918713812e+41,5.787632428542834e+40
259.6021802155592,4.181668755347917e+41,4.934017553135518e+40
259.6021802155592,4.169046671515742e+41,4.919124555428453e+40
259.6021802155592,4.281107286726711e+41,5.043138150351709e+40
259.6021802155592,4.1509165880980594e+41,4.913749529725649e+40
259.6021802155592,4.279077922358237e+41,5.04895218043008e+40
259.6021802155592,3.3263919049718665e+41,3.931267271380712e+40
260.7197069999141,4.979194189739181e+41,5.450470018838609e+40
260.7197069999141,5.354994932531653e+41,5.771132752198188e+40
260.7197069999141,5.090483852869682e+41,5.353837929017215e+40
263.59928713992446,5.073631543703272e+41,5.844898941185254e+40
263.59928713992446,5.011948832616344e+41,5.782868870867007e+40
263.59928713992446,5.0172724636191666e+41,5.779972443336079e+40
263.59928713992446,4.815504765228013e+41,5.573682379741034e+40
263.59928713992446,4.909083644251866e+41,5.673067219039e+40
263.59928713992446,4.8390003021542324e+41,5.609718191951553e+40
264.5796977391234,4.791347091671771e+41,5.662611786410568e+40
264.5796977391234,4.5557646904296265e+41,5.392998420957541e+40
264.5796977391234,4.2636634012931636e+41,5.131470954741697e+40
264.5796977391234,4.26272522708721e+41,5.087813119169052e+40
264.5796977391234,4.192450644278809e+41,5.012237808748371e+40
264.5796977391234,4.1646594593358686e+41,4.979012366223243e+40
265.5876484117988,3.881096256383002e+41,4.647716308651894e+40
265.5876484117988,3.746207921079195e+41,4.5086948307436e+40
265.5876484117988,3.849178094355556e+41,4.59422030818119e+40
265.5876484117988,3.848675441703051e+41,4.639785076577537e+40
265.5876484117988,3.8561204530168486e+41,4.602506421311459e+40
265.5876484117988,3.954875317300436e+41,4.697066320029319e+40
266.5877718171622,3.763594298841848e+41,4.48464767381094e+40
266.5877718171622,3.7169437935601576e+41,4.43639089752253e+40
266.5877718171622,3.633581182079577e+41,4.373144533849027e+40
266.5877718171622,3.673994358394678e+41,4.407037402459279e+40
266.5877718171622,3.6003347853810056e+41,4.333131309785234e+40
266.5877718171622,3.5623926461815956e+41,4.338345771274749e+40
267.5799631688891,3.1776335682577203e+41,3.9776925547563525e+40
267.5799631688891,3.14351022178872e+41,3.9213300148297334e+40
267.5799631688891,3.300991822819985e+41,4.0683265786485e+40
267.5799631688891,3.2759156963912093e+41,4.0305012768813944e+40
267.5799631688891,3.2565903851448167e+41,4.0067245076133323e+40
267.5799631688891,3.192054398700495e+41,3.9612600533580847e+40
267.5799631688891,3.909751365868602e+41,4.789177929106511e+40
270.59320174508656,2.7860948768577534e+41,3.5679771362178173e+40
270.59320174508656,2.6933468546174863e+41,3.492242938039094e+40
270.59320174508656,2.546986369389653e+41,3.34990455397661e+40
270.59320174508656,3.151708689059678e+41,4.1084355939492743e+40
270.59320174508656,3.1837460065105598e+41,4.1171205837243893e+40
271.5812744212337,2.5960377383608966e+41,3.469953432906621e+40
271.5812744212337,2.4792321587790327e+41,3.374046069365691e+40
271.5812744212337,2.506379851780944e+41,3.386480279933627e+40
271.5812744212337,2.425685686368127e+41,3.4538433465087335e+40
271.5812744212337,2.5005755377430416e+41,3.3725571070414423e+40
272.5809151773962,2.2948001273822897e+41,3.412280772944022e+40
272.5809151773962,2.103055521500863e+41,3.172502795290254e+40
272.5809151773962,2.244109304670198e+41,3.679865897577793e+40
272.5809151773962,2.1492258478883107e+41,3.4446709150132514e+40
272.5809151773962,1.8904577783405398e+41,3.127139796611158e+40
273.5809251157256,2.2461423582711902e+41,3.084549241558687e+40
273.5809251157256,2.1454941618385156e+41,3.054889088674246e+40
273.5809251157256,2.002854554778067e+41,2.867314373380256e+40
273.5809251157256,2.1308187990353292e+41,2.979575638561558e+40
273.5809251157256,2.1954168684834993e+41,3.086617009155106e+40
274.58137730512925,2.1620831250154998e+41,3.1403791824290807e+40
274.58137730512925,1.993215159606969e+41,2.942539194367946e+40
274.58137730512925,2.223055226774654e+41,3.125474789666526e+40
274.58137730512925,1.956487322036351e+41,2.872724412346107e+40
274.58137730512925,2.072520701738808e+41,2.9940080189684764e+40
274.58137730512925,2.204459688899909e+41,3.1162053578737977e+40
275.58546002123813,1.8338677740218573e+41,2.7888644687178146e+40
275.58546002123813,2.033714044350406e+41,2.9699829038867212e+40
275.58546002123813,1.89543436909839e+41,2.9058254425212434e+40
275.58546002123813,1.5276945972568145e+41,2.502906019822059e+40
275.58546002123813,1.7647999116321693e+41,2.698297938330314e+40
275.58546002123813,2.2331721426331435e+41,3.252439719974923e+40
276.5830286940715,1.596381873342961e+41,2.97787488451143e+40
276.5830286940715,1.783528124915106e+41,3.1094016481183227e+40
276.5830286940715,1.825059535720957e+41,2.982251531101516e+40
276.5830286940715,1.4694497286912703e+41,2.7075028964421027e+40
276.5830286940715,1.4031010780118875e+41,2.6302066327430655e+40
276.5830286940715,1.6079597293726423e+41,2.8897660505030877e+40
277.57266550920906,1.3057023359793085e+41,2.2014955497422824e+40
277.57266550920906,1.1562298603105189e+41,1.9494756360710732e+40
277.57266550920906,1.2818705825440744e+41,2.1056768929411414e+40
277.57266550920906,1.341047562455546e+41,2.1229129195928347e+40
277.57266550920906,1.590172289365531e+41,2.3602688220835075e+40
278.57267444441095,1.4159378170102258e+41,2.2534075574830224e+40
278.57267444441095,1.0210433499039808e+41,1.8580790116679914e+40
278.57267444441095,9.537711488702398e+40,1.8230858369354067e+40
278.57267444441095,9.859256855425773e+40,1.9580603692502266e+40
278.57267444441095,1.1766415521762248e+41,2.0565929261664561e+40
279.34590855333954,1.7096741295153799e+41,1.9819775713553322e+40
280.57332238424567,8.892915815331546e+40,2.2499537333522335e+40
280.57332238424567,7.667330450298505e+40,1.9017019392722017e+40
280.57332238424567,1.1414165914444916e+41,2.1501564569839446e+40
280.57332238424567,1.1669283234864316e+41,2.450120023181205e+40
280.57332238424567,6.72115917989692e+40,1.6603492781970527e+40
281.5730543518439,5.864678120371887e+40,2.0291558564333433e+40
281.5730543518439,1.0333422368009655e+41,2.1696384038572344e+40
281.5730543518439,8.445865890247696e+40,1.887223601695857e+40
281.5730543518439,6.702613564288641e+40,1.7696286295112313e+40
281.5730543518439,8.246016150967779e+40,2.028854130570986e+40
282.57827337955433,7.846107700154424e+40,1.9421454043889927e+40
282.57827337955433,6.537809462632641e+40,1.9684100323260802e+40
282.57827337955433,7.038603942111728e+40,2.39876655003974e+40
284.51530797744635,8.85585862788073e+40,1.4970273537676725e+40
284.51530797744635,3.3074723382408545e+40,1.1788045232584872e+40
284.51530797744635,3.190775294123075e+40,1.157183582266205e+40
286.5736913966636,1.815917946318008e+40,1.480384452377272e+40
286.5736913966636,2.7157902241845345e+40,1.3056252287067794e+40
286.5736913966636,3.2892449810732586e+40,1.0156380748676304e+40
288.5741725694388,2.6031321783454676e+40,1.3179040846334053e+40
290.577259143504,3.0733614844293227e+40,2.349878702862327e+40
290.577259143504,2.6693999276643727e+40,1.8056056488696122e+40
290.577259143504,4.529118089495216e+40,1.8372414809882943e+40
