phase,flt,mag,magerr
8.915370000060648,g,15.366108762278028,0.053
12.661079999990761,g,15.385893504724624,0.053
14.677469999995083,g,15.601911777786187,0.171
16.66923000011593,g,15.737469817468854,0.12
22.873929999768734,g,15.477144870511466,0.06
27.65029999986291,g,16.13963740847857,0.113
31.666480000130832,g,16.245129309727137,0.078
33.613599999807775,g,16.091875855803302,0.063
34.66832000017166,g,16.323676562022644,0.125
35.6095900000073,g,16.00527713813758,0.082
37.104179999791086,g,15.920165698362576,0.072
37.60229999991134,g,15.943933422504873,0.066
38.85154000017792,g,15.773546524327939,0.051
41.58051000023261,g,15.719725295679487,0.053
42.91471999976784,g,15.48222207665318,0.039
47.83001000015065,g,15.275061812851986,0.047
49.87933999998495,g,15.202288425239963,0.049
58.933509999886155,g,15.21724931663079,0.035
61.54203000012785,g,15.384175423082743,0.038
63.955399999860674,g,15.147490958823743,0.055
67.77608999982476,g,15.289881486716746,0.041
71.103740000166,g,15.250588601824179,0.03
72.9429199998267,g,15.297715099999408,0.04
73.80811000009999,g,15.232181942584143,0.07
76.88169999979436,g,15.207571946372411,0.067
84.9871999998577,g,15.46358464249356,0.04
85.46156999981031,g,15.572856334086518,0.051
86.97226999979466,g,15.41332169725622,0.114
87.94204000011086,g,15.573688689885348,0.064
90.97177999978885,g,15.527720383626432,0.042
92.46870000008494,g,15.771949434992186,0.054
93.70739000011235,g,15.79504892485005,0.056
94.71360999997705,g,15.651345167211247,0.046
95.82133999979123,g,15.630806443657029,0.045
96.81223999988288,g,15.546153538802736,0.045
100.69156999979168,g,15.423577310714174,0.08
104.72421000013128,g,15.722149092326179,0.126
108.94352999981493,g,15.66771499287974,0.064
114.61169000016525,g,15.855762734323513,0.064
115.48981000017375,g,15.956899762759745,0.063
4.669999999925494,R,14.22,0.15
5.660000000149012,R,14.33,0.05
10.660000000149012,R,14.29,0.05
21.669999999925494,R,14.44,0.04
11.235869999974966,G,14.61,0.05
11.412039999850094,G,14.6,0.05
23.1681099999696,G,14.85,0.05
23.242130000144243,G,14.86,0.05
60.96973000001162,G,14.67,0.05
33.08677599998191,c,15.751,0.013
33.09527199994773,c,15.696,0.011
33.109248999971896,c,15.707,0.013
33.113363000098616,c,15.718,0.017
37.085010999813676,c,15.568,0.011
37.101625999901444,c,15.54,0.011
37.10441299993545,c,15.529,0.01
37.114955000113696,c,15.579,0.018
69.0885450001806,c,15.091,0.007
69.10673400014639,c,15.087,0.008
69.1158239999786,c,15.089,0.01
85.06993199978024,c,15.314,0.008
85.07309699989855,c,15.314,0.008
85.07854800019413,c,15.292,0.008
85.09713699994609,c,15.3,0.008
85.56478400016204,c,15.323,0.008
85.56759499991313,c,15.31,0.008
85.57440999988467,c,15.33,0.008
85.60475399997085,c,15.297,0.008
89.05774499988183,c,15.439,0.009
89.06045900005847,c,15.435,0.009
89.06362299993634,c,15.43,0.009
89.06995700020343,c,15.405,0.009
91.87061200011522,c,15.48,0.01
91.87376900017262,c,15.471,0.009
91.90221899980679,c,15.488,0.009
91.90817499998957,c,15.486,0.009
91.94058600021526,c,15.512,0.014
93.09410100011155,c,15.563,0.009
93.09687400003895,c,15.531,0.009
93.12039500009269,c,15.509,0.01
93.12479700008407,c,15.533,0.01
97.10558500001207,c,15.437,0.009
97.11198800010607,c,15.434,0.009
97.12459000013769,c,15.445,0.011
97.12788099981844,c,15.417,0.013
97.59382000006735,c,15.44,0.008
97.59810299985111,c,15.461,0.009
97.60374499997124,c,15.47,0.009
97.61382000008598,c,15.444,0.01
97.6846559997648,c,15.483,0.011
119.66379099991173,c,15.787,0.012
119.6840670001693,c,15.844,0.011
119.71026899991557,c,15.816,0.011
119.719773999881,c,15.829,0.011
121.00589400017634,c,15.76,0.011
121.00906699988991,c,15.794,0.012
121.0191609999165,c,15.8,0.011
121.04460499994457,c,15.764,0.011
123.79672199999914,c,15.765,0.012
123.79988399986178,c,15.775,0.011
123.82645899988711,c,15.797,0.011
123.8296219999902,c,15.888,0.015
123.83278399985284,c,15.777,0.013
123.83323400001973,c,15.847,0.016
125.05511499987915,c,15.846,0.01
125.08940199995413,c,15.838,0.011
125.11789799993858,c,15.851,0.011
142.92046999977902,c,16.122,0.016
142.92231799988076,c,16.123,0.017
142.9250869997777,c,16.103,0.015
142.93017200008035,c,16.115,0.015
147.04653500020504,c,16.125,0.113
147.05302800005302,c,15.792,0.078
149.53281199978665,c,16.017,0.014
149.53596600005403,c,16.035,0.012
149.54187900014222,c,16.028,0.012
149.56570200016722,c,16.06,0.013
150.90707499999553,c,16.138,0.014
150.90892100008205,c,16.084,0.012
150.91361800022423,c,16.128,0.013
150.91874000011012,c,16.105,0.013
153.40852099983022,c,16.13,0.013
153.41032300004736,c,16.105,0.013
153.41212699981406,c,16.095,0.013
153.41348000010476,c,16.057,0.013
153.4229700001888,c,16.135,0.014
153.43256099987775,c,16.153,0.013
154.98480399977416,c,16.245,0.014
154.9946809997782,c,16.217,0.015
155.0229119998403,c,16.193,0.014
155.03252399992198,c,16.191,0.015
171.68375100009143,c,16.342,0.018
171.68925700010732,c,16.25,0.016
171.71979299979284,c,16.235,0.015
171.72294399980456,c,16.268,0.017
172.8815290001221,c,16.281,0.016
172.91614799993113,c,16.255,0.016
172.919311999809,c,16.243,0.016
172.9292560000904,c,16.28,0.015
175.66238499991596,c,16.313,0.015
175.6665240000002,c,16.324,0.016
175.6918159998022,c,16.32,0.014
175.69731400022283,c,16.32,0.017
176.88361199991778,c,16.41,0.017
176.88679300015792,c,16.347,0.016
176.89267699979246,c,16.376,0.016
176.9028090001084,c,16.344,0.018
179.63047299999744,c,16.374,0.017
179.6638230001554,c,16.429,0.017
179.66697899997234,c,16.407,0.016
179.67238399991766,c,16.413,0.016
180.9259950001724,c,16.408,0.017
180.92960799997672,c,16.453,0.017
180.9359340001829,c,16.448,0.019
180.96051899995655,c,16.494,0.02
197.34255200019106,c,16.554,0.022
197.34527100017294,c,16.589,0.021
197.35115299979225,c,16.558,0.019
197.36108499998227,c,16.567,0.019
198.84196799993515,c,16.632,0.02
198.85314199980348,c,16.629,0.019
198.85777600016445,c,16.608,0.02
198.86897900002077,c,16.607,0.02
201.33219600003213,c,16.625,0.021
201.33535599987954,c,16.675,0.025
201.34259000001475,c,16.597,0.026
201.3526130001992,c,16.668,0.026
202.87832800019532,c,16.752,0.022
202.90486000012606,c,16.7,0.021
202.91840599989519,c,16.717,0.022
205.3154079997912,c,16.787,0.044
205.31946100015193,c,16.873,0.033
205.3262869999744,c,16.786,0.039
206.80162499984726,c,16.865,0.023
206.8043999997899,c,16.9,0.023
206.81422200007364,c,16.901,0.021
206.82451700000092,c,16.8,0.022
227.56532699987292,c,16.989,0.025
227.56893000006676,c,17.031,0.028
227.57403999986127,c,17.037,0.029
227.58604300022125,c,16.977,0.139
228.7701150001958,c,17.016,0.026
228.77418999979272,c,16.991,0.029
228.7874549999833,c,17.047,0.029
228.7947240001522,c,17.058,0.028
231.53763499995694,c,17.112,0.039
231.54079499980435,c,17.108,0.038
231.54620200023055,c,17.072,0.037
231.56110400008038,c,17.016,0.027
264.306228000205,c,17.009,0.062
25.658480000216514,o,14.786,0.007
25.665682999882847,o,14.775,0.007
25.682601999957114,o,14.796,0.012
37.655348000116646,o,14.867,0.007
37.67388699995354,o,14.861,0.008
37.685403999872506,o,14.882,0.015
45.083906000014395,o,14.578,0.009
45.09586799982935,o,14.517,0.009
45.10648000007495,o,14.563,0.008
45.110140999779105,o,14.538,0.008
47.09236200014129,o,14.489,0.009
47.09650699980557,o,14.52,0.009
47.10343400016427,o,14.494,0.008
47.11594700021669,o,14.496,0.019
54.0836249999702,o,14.482,0.005
54.08676300011575,o,14.464,0.006
54.09661799995229,o,14.463,0.005
54.10226400010288,o,14.454,0.005
55.08780700014904,o,14.434,0.006
55.09251500014216,o,14.483,0.006
55.100391999818385,o,14.475,0.006
55.10177299985662,o,14.464,0.006
55.110549999866635,o,14.455,0.006
55.11193000013009,o,14.427,0.006
55.118321999907494,o,14.481,0.009
55.119704000186175,o,14.467,0.011
67.09086100012064,o,14.63,0.006
67.1127840001136,o,14.646,0.008
67.11597499996424,o,14.631,0.01
67.12029400002211,o,14.64,0.011
69.61530200019479,o,14.702,0.006
69.62550299987197,o,14.684,0.007
69.64031600020826,o,14.707,0.006
69.64521200023592,o,14.698,0.007
71.08649000013247,o,14.703,0.006
71.10660299984738,o,14.714,0.006
71.11078200023621,o,14.711,0.007
71.12022199993953,o,14.734,0.009
73.06271099997684,o,14.678,0.007
73.06587600009516,o,14.7,0.007
73.07221900019795,o,14.666,0.006
73.08540799980983,o,14.688,0.006
73.59236899996176,o,14.685,0.008
73.59556100005284,o,14.675,0.007
73.60051500005648,o,14.689,0.01
73.60729799978435,o,14.678,0.008
75.0324519998394,o,14.748,0.01
75.03869900014251,o,14.764,0.009
75.04235500004143,o,14.749,0.009
75.05285499989986,o,14.75,0.009
76.48881400004029,o,14.671,0.053
76.492025999818,o,14.759,0.015
76.49792600004002,o,14.803,0.013
76.51645800005645,o,14.762,0.009
77.50877999980003,o,14.747,0.013
77.51152000017464,o,14.797,0.012
77.52599200000986,o,14.781,0.012
77.53186800004914,o,14.804,0.011
81.60768700018525,o,14.961,0.007
81.61056300019845,o,14.955,0.007
81.61606599995866,o,14.972,0.007
81.63286199979484,o,14.957,0.008
83.81463599996641,o,14.945,0.007
83.81968400022015,o,14.952,0.007
83.8234480000101,o,14.933,0.007
83.8345969999209,o,14.943,0.007
87.06938599981368,o,15.028,0.008
87.07257700012997,o,15.028,0.008
87.07713099988177,o,15.055,0.008
87.09064600011334,o,15.036,0.008
87.88219100004062,o,15.036,0.007
87.8858880000189,o,15.04,0.007
87.89265300007537,o,15.021,0.007
95.10282499995083,o,15.24,0.009
95.10745099978521,o,15.229,0.009
95.11502799997106,o,15.234,0.01
95.12283199978992,o,15.237,0.01
99.75967299984768,o,15.149,0.012
99.7624019999057,o,15.161,0.012
99.77838400006294,o,15.151,0.01
99.78392399987206,o,15.167,0.009
101.02573700016364,o,15.2,0.009
101.02756100008264,o,15.183,0.009
101.0303150000982,o,15.168,0.009
101.04791500000283,o,15.098,0.008
101.50567500013858,o,15.189,0.009
101.50936699984595,o,15.175,0.009
101.51582700014114,o,15.193,0.009
101.52562100021169,o,15.174,0.009
101.78282199986279,o,15.201,0.014
101.78554000006989,o,15.192,0.011
101.81351999985054,o,15.239,0.027
101.81770099978894,o,15.159,0.016
102.6790260002017,o,15.171,0.014
102.68218200001866,o,15.177,0.014
102.68826799979433,o,15.188,0.013
102.70825099991634,o,15.133,0.023
103.00755900004879,o,15.275,0.049
103.03082100022584,o,15.283,0.044
103.03264100011438,o,15.283,0.042
103.03985700011253,o,15.309,0.061
103.71530500007793,o,15.227,0.043
109.06147899990901,o,15.273,0.009
109.06672400003299,o,15.27,0.01
109.10206599999219,o,15.289,0.01
109.12649799976498,o,15.292,0.009
110.9746889998205,o,15.326,0.01
110.98106600018218,o,15.351,0.011
110.98668800015002,o,15.337,0.011
110.99172100005671,o,15.35,0.01
113.04237799998373,o,15.366,0.011
113.04775999998674,o,15.371,0.01
113.08305200003088,o,15.368,0.009
113.08630400011316,o,15.381,0.009
113.54821299994364,o,15.383,0.009
113.55137000000104,o,15.37,0.009
113.58432500017807,o,15.364,0.009
113.58978800009936,o,15.397,0.011
115.01143199997023,o,15.483,0.012
115.01325199985877,o,15.479,0.012
115.01878299983218,o,15.506,0.012
115.05447700014338,o,15.478,0.011
118.99472300009802,o,15.593,0.011
118.99887700006366,o,15.595,0.011
119.0016140001826,o,15.599,0.012
119.02358700009063,o,15.601,0.011
123.03289999999106,o,15.561,0.011
123.03703599981964,o,15.574,0.011
123.06438300013542,o,15.557,0.012
123.09274799982086,o,15.538,0.012
125.48094099992886,o,15.575,0.01
125.48278099996969,o,15.602,0.01
125.48593499977142,o,15.611,0.01
125.5041060000658,o,15.608,0.011
126.95827599987388,o,15.65,0.011
126.96009900001809,o,15.68,0.011
126.98323199991137,o,15.639,0.013
126.98733199993148,o,15.651,0.012
129.44614099990577,o,15.727,0.012
129.4516429998912,o,15.716,0.013
129.4557119999081,o,15.722,0.013
129.46114700008184,o,15.698,0.013
129.62406199984252,o,15.793,0.021
130.89043200016022,o,15.821,0.02
130.89362399978563,o,15.767,0.02
130.91675100009888,o,15.834,0.021
130.92085799993947,o,15.594,0.107
131.51020199991763,o,15.769,0.019
131.5158999999985,o,15.809,0.021
131.5496760001406,o,15.772,0.019
131.55270599992946,o,15.789,0.021
137.067524000071,o,15.753,0.016
137.07096699997783,o,15.75,0.016
137.0764219998382,o,15.766,0.015
137.0872920001857,o,15.722,0.014
137.4984229998663,o,15.734,0.015
137.5038970001042,o,15.755,0.017
137.50705000013113,o,15.742,0.018
137.517477999907,o,15.801,0.017
138.9782150001265,o,15.788,0.012
138.98101500002667,o,15.776,0.013
138.98643600009382,o,15.79,0.012
139.0217180000618,o,15.8,0.013
139.73433900019154,o,15.551,0.178
139.76995400013402,o,15.865,0.14
139.77311300020665,o,15.836,0.116
139.77852400019765,o,15.527,0.151
140.96968400012702,o,15.832,0.013
140.97286600014195,o,15.84,0.013
140.97828900022432,o,15.834,0.014
140.98855799995363,o,15.808,0.011
143.65775199979544,o,15.873,0.013
143.66051300009713,o,15.895,0.013
143.66599299991503,o,15.914,0.012
143.67582000000402,o,15.897,0.013
144.91287299990654,o,15.903,0.014
144.91468100016937,o,15.916,0.013
144.93650900013745,o,15.916,0.014
144.9419329999946,o,15.888,0.015
148.91689200000837,o,15.828,0.014
148.91870599985123,o,15.819,0.012
148.9218689999543,o,15.833,0.013
148.94254599977285,o,15.815,0.014
151.65188500005752,o,15.867,0.011
151.65458599990234,o,15.855,0.012
151.6600239998661,o,15.868,0.015
151.68223199993372,o,15.884,0.015
155.73028100002557,o,15.984,0.014
155.73336399998516,o,15.947,0.015
155.76830400014296,o,15.816,0.014
155.79658100008965,o,16.01,0.015
156.37337600020692,o,16.037,0.095
156.37565599987283,o,15.966,0.077
156.3940260000527,o,16.02,0.036
156.3990239999257,o,16.05,0.036
157.36892199981958,o,16.023,0.02
157.37073200009763,o,16.096,0.021
157.3747990000993,o,16.016,0.017
157.38023999985307,o,16.032,0.018
158.60987199982628,o,15.939,0.021
158.612575000152,o,15.969,0.021
158.63307699980214,o,15.935,0.018
158.65122100012377,o,15.966,0.021
158.93635499989614,o,15.917,0.015
158.93958699982613,o,15.941,0.016
158.96715799998492,o,15.957,0.018
158.97533700009808,o,15.968,0.021
164.91323099983856,o,16.105,0.024
164.91639900021255,o,16.018,0.018
164.92228600010276,o,16.09,0.018
164.92591399978846,o,16.092,0.022
164.92908000014722,o,16.077,0.019
164.93224499979988,o,16.038,0.02
164.9349560001865,o,16.032,0.065
166.92498299991712,o,16.125,0.022
166.92821699986234,o,16.129,0.022
166.93376199994236,o,16.167,0.021
166.94415199989453,o,16.178,0.063
168.90190300019458,o,16.197,0.018
168.905065999832,o,16.197,0.017
168.91095199994743,o,16.2,0.018
168.92507999995723,o,16.189,0.017
170.88904700009152,o,16.122,0.013
170.8918579998426,o,16.075,0.015
170.8969769999385,o,16.128,0.013
170.93138199998066,o,16.108,0.016
173.38674400001764,o,16.096,0.018
173.38992400001734,o,16.086,0.017
173.39579300023615,o,16.112,0.016
173.43081799987704,o,16.16,0.044
174.94451199984178,o,16.139,0.014
174.95006000017747,o,16.155,0.015
174.95283799991012,o,16.162,0.015
174.96347700012848,o,16.143,0.015
177.3811730002053,o,16.172,0.017
177.38479000004008,o,16.225,0.015
177.39025400020182,o,16.188,0.016
177.4252189998515,o,16.27,0.033
178.86587199987844,o,16.29,0.019
178.8691079998389,o,16.289,0.019
178.8746529999189,o,16.301,0.018
178.88726500002667,o,16.264,0.019
181.24739800021052,o,16.322,0.024
181.2496500001289,o,16.333,0.023
181.25010100007057,o,16.345,0.019
181.2505509997718,o,16.347,0.019
181.25100200017914,o,16.228,0.02
181.25190299982205,o,16.327,0.021
181.2537079998292,o,16.308,0.019
181.2568709999323,o,16.36,0.018
181.26227700011805,o,16.308,0.024
182.86409999988973,o,16.323,0.019
182.86733300006017,o,16.299,0.018
182.87333799991757,o,16.279,0.018
182.88397599989548,o,16.305,0.016
183.6218570000492,o,16.189,0.021
183.62501299986616,o,15.962,0.02
183.63042300008237,o,16.106,0.02
183.64079899992794,o,15.922,0.019
184.8776179999113,o,16.256,0.018
184.8807839998044,o,16.25,0.02
184.88620699988678,o,16.23,0.02
184.89682399993762,o,16.243,0.018
184.91639900021255,o,16.278,0.018
185.35714600002393,o,16.26,0.023
186.84815400000662,o,16.276,0.022
186.850924000144,o,16.354,0.025
186.87117900000885,o,16.284,0.023
186.88465399993584,o,16.325,0.03
191.66930600022897,o,16.312,0.072
192.92751300008968,o,16.518,0.033
192.9306819997728,o,16.536,0.035
192.95122800022364,o,16.453,0.032
192.95756200002506,o,16.481,0.039
193.44097399991006,o,16.598,0.044
193.4589979997836,o,16.452,0.039
193.46369299991056,o,16.534,0.036
193.4733980000019,o,16.508,0.04
194.81459699990228,o,16.524,0.021
194.8178280000575,o,16.51,0.026
194.82431499985978,o,16.525,0.025
194.83540900005028,o,16.513,0.026
196.90708500007167,o,16.41,0.024
196.93400300014764,o,16.115,0.017
196.93582799984142,o,16.451,0.029
196.9389969999902,o,16.432,0.025
199.6017419998534,o,16.511,0.019
199.60453000012785,o,16.551,0.019
199.6108719999902,o,16.526,0.021
199.6257540001534,o,16.501,0.016
200.89261100022122,o,16.569,0.024
200.96074499981478,o,16.558,0.026
200.98658799985424,o,16.551,0.035
203.58764499984682,o,16.643,0.02
203.5907990001142,o,16.609,0.023
203.59804200008512,o,16.58,0.02
203.60796299995854,o,16.612,0.023
207.5711659998633,o,16.618,0.024
207.5747899999842,o,16.724,0.03
207.5820109997876,o,16.764,0.045
207.5919320001267,o,16.992,0.401
208.80247600004077,o,16.563,0.023
208.80564100015908,o,16.547,0.025
208.8119749999605,o,16.502,0.02
208.8217730000615,o,16.574,0.022
209.63817099994048,o,16.614,0.025
209.6735809999518,o,16.602,0.024
209.6740310001187,o,16.589,0.023
209.67448099981993,o,16.628,0.023
209.67493099998683,o,16.615,0.023
211.56540000019595,o,16.664,0.028
211.56855199998245,o,16.65,0.028
211.57576599996537,o,16.596,0.033
211.58573300018907,o,16.714,0.026
213.29246299993247,o,16.697,0.031
213.29653199994937,o,16.673,0.032
213.3019440001808,o,16.671,0.032
213.31196200009435,o,16.684,0.026
219.59597600018606,o,16.794,0.044
219.59958400018513,o,16.848,0.048
219.60552599979565,o,16.843,0.054
219.61814700020477,o,16.844,0.046
221.31340799992904,o,16.724,0.044
221.3170139999129,o,16.663,0.044
221.32424899982288,o,16.681,0.045
221.34095600014552,o,16.668,0.04
223.56756199989468,o,16.81,0.109
223.57116999989375,o,16.751,0.035
223.57703199982643,o,16.77,0.029
223.5906309997663,o,16.725,0.133
245.2853649999015,o,17.049,0.137
245.28814999992028,o,17.2,0.117
245.29735899996012,o,16.975,0.055
247.53605199977756,o,16.976,0.146
247.56277799978852,o,16.941,0.061
249.33603700017557,o,16.96,0.056
249.34017900004983,o,16.998,0.059
249.34607699979097,o,17.058,0.082
249.36890200013295,o,16.985,0.076
260.70942999981344,o,17.035,0.041
260.7125929999165,o,16.956,0.037
260.73709800001234,o,17.011,0.03
264.70936000021175,o,16.971,0.051
57.95302079990506,g,15.244199805176661,0.024265000596642494
57.95396990003064,g,15.22028160773806,0.02917085774242878
57.95396990003064,g,15.220300119640932,0.029170999303460114
57.95302079990506,g,15.244199752807617,0.024265000596642498
57.95396990003064,g,15.220281600952148,0.02917085774242878
63.95913190022111,g,15.260075569152832,0.02602928690612316
63.95913190022111,g,15.26007605403866,0.026029286906123158
65.92508100019768,g,15.319755554199219,0.022871019318699837
63.95913190022111,g,15.26010054487514,0.026029000058770173
65.92508100019768,g,15.319755778723403,0.022871019318699837
65.92508100019768,g,15.319800471821914,0.022871000692248344
66.93738429993391,g,15.303475441199497,0.03501719236373901
66.93738429993391,g,15.303475379943848,0.035017192363739014
66.93738429993391,g,15.303500448068204,0.03501699864864348
69.92150459997356,g,15.314892104920366,0.02705592289566993
69.92150459997356,g,15.314891815185547,0.027055922895669934
69.92150459997356,g,15.314900398495785,0.027055999264121052
70.90851850016043,g,15.267133297160518,0.02718928456306457
70.90851850016043,g,15.267132759094238,0.027189284563064575
70.90851850016043,g,15.267100430636065,0.02718899957835674
71.95887729991227,g,15.303903920326226,0.033384956419467926
71.95887729991227,g,15.303903579711914,0.033384956419467926
71.95887729991227,g,15.30389976702371,0.0333850011229515
80.9216666999273,g,15.48970062578733,0.046188000589609146
80.92309030005708,g,15.523100078201143,0.023238999769091603
80.95723380008712,g,15.488400629257299,0.04371900111436844
80.96056709997356,g,15.531331434684857,0.03873179480433465
80.9216666999273,g,15.489687445046323,0.04618763178586959
80.92309030005708,g,15.523116153036248,0.02323850803077221
80.95723380008712,g,15.48840177404473,0.04371867701411247
80.96056709997356,g,15.531299874720228,0.038731999695301056
83.92190970014781,g,15.470500181588202,0.028994999825954434
83.92285879980773,g,15.467500206973675,0.03316599875688552
83.92285879980773,g,15.467476400473473,0.033165909349918365
83.92190970014781,g,15.470519212296628,0.028994662687182426
86.9602315002121,g,15.549599709403847,0.0298909991979599
90.87377309985459,g,15.619090378092384,0.034739699214696884
90.87377309985459,g,15.619099933168567,0.03474000096321106
93.94481479981914,g,15.704087782910102,0.03371696919202804
93.94481479981914,g,15.704099652091978,0.033716998994350426
95.9197685001418,g,15.651211869682136,0.04091645032167435
95.9197685001418,g,15.651200564806617,0.040915999561548226
98.91910880012438,g,15.576001594824932,0.040600065141916275
98.91910880012438,g,15.576000353844991,0.040600001811981194
101.89910880010575,g,15.654900811562694,0.03490310907363891
101.89910880010575,g,15.654899610496438,0.03490300104022026
101.91851849993691,g,15.676750684893948,0.0491059385240078
101.91851849993691,g,15.676800181903436,0.049106001853942864
103.95635419990867,g,15.69300011788897,0.03218400105834007
107.94071759982035,g,15.708299984383162,0.049327000975608826
110.87702549993992,g,15.631815915958375,0.0342298299074173
110.87702549993992,g,15.63179984681832,0.03423000127077103
110.91347219981253,g,15.641998778856276,0.0430331826210022
110.91347219981253,g,15.64200055917602,0.04303300008177757
113.83611109992489,g,15.775279520134777,0.027382988482713696
113.83611109992489,g,15.775300394265102,0.02738299965858459
115.91984950006008,g,15.826572926432652,0.039487574249506
115.91984950006008,g,15.826600359612458,0.039487998932600014
117.90633099991828,g,15.886379627943501,0.03926729038357734
117.90633099991828,g,15.886400521430508,0.03926699981093407
117.90728010004386,g,15.89011686674218,0.034470681101083755
117.90728010004386,g,15.890099547696991,0.03447100147604942
119.87924769986421,g,15.899850241288467,0.036606207489967346
119.87924769986421,g,15.899800827054085,0.03660599887371063
119.8982060002163,g,15.899891379726988,0.030540853738784787
119.8982060002163,g,15.899900912026638,0.030541000887751576
122.87850689981133,g,15.868187107551748,0.030000785365700715
122.87850689981133,g,15.86820083211929,0.03000099956989288
122.89913190016523,g,15.865239617745075,0.03682481124997139
122.89913190016523,g,15.86520033841192,0.03682500123977661
126.85648149996996,g,15.981741105044739,0.031082406640052795
126.85648149996996,g,15.981699991261841,0.031082000583410256
126.87457180023193,g,15.951563889948774,0.04134100675582885
126.87457180023193,g,15.951600195040172,0.04134099930524825
129.8976619997993,g,16.053552743948114,0.029840087518095967
129.8976619997993,g,16.053600427676948,0.02983999997377396
139.81575229996815,g,16.084579989160336,0.040110532194375985
139.81575229996815,g,16.084600804803287,0.04011100158095359
139.85151620022953,g,16.10615210337139,0.0316648930311203
139.85151620022953,g,16.10619972734727,0.031665001064538956
139.85790510009974,g,16.064483667224813,0.044600341469049454
139.85790510009974,g,16.064500987361278,0.04459999874234199
139.8762269001454,g,16.101400425392317,0.030592000111937523
139.8762269001454,g,16.10144451918702,0.03059245645999908
140.8560994998552,g,16.095810111040553,0.040968246757984154
140.8560994998552,g,16.095800496517814,0.040968000888824456
140.87501160008833,g,16.128587853553217,0.027371415868401524
140.87501160008833,g,16.128599207960644,0.027371000498533245
141.84282410005108,g,16.144819367627882,0.02734675258398056
141.84282410005108,g,16.144800298549775,0.027347000315785408
141.84376160008833,g,16.12671332149792,0.0265184361487627
141.84376160008833,g,16.12669961682721,0.026518000289797783
141.85915509983897,g,16.11086322885834,0.04023060202598571
141.85915509983897,g,16.11090141230691,0.040231000632047646
141.8883102000691,g,16.13332581722235,0.030169554054737095
141.8883102000691,g,16.133300832372214,0.030169999226927754
143.81619209982455,g,16.152191341458717,0.04842698946595191
143.81619209982455,g,16.152200835591934,0.04842700064182281
143.8361689997837,g,16.164589090357293,0.02668238431215286
143.8361689997837,g,16.164600400761863,0.026682000607252118
146.871249999851,g,16.105799184825727,0.02907854132354259
146.871249999851,g,16.105801004220403,0.029078999534249302
148.85777779994532,g,16.052988308470788,0.024529600515961644
149.7838657000102,g,16.084242038609123,0.033531758934259415
148.85777779994532,g,16.05299966940328,0.024529999122023582
149.7838657000102,g,16.084200322389584,0.033532001078128815
150.87810190021992,g,16.110558012645363,0.032134588807821274
150.87810190021992,g,16.110599738740937,0.032134998589754105
151.77300930023193,g,16.11801758538227,0.03455555066466331
151.77300930023193,g,16.118000310119577,0.03455600142478943
152.85067130019888,g,16.160957401022465,0.03355129435658455
152.85067130019888,g,16.160999727182926,0.03355100005865097
155.82567129982635,g,16.221910878354123,0.029590897262096398
155.82567129982635,g,16.22190131708063,0.029590999707579606
156.782858800143,g,16.23274996697957,0.03565024957060814
156.782858800143,g,16.23270054572842,0.03564999997615814
157.80383099988103,g,16.173694863832015,0.029126506298780438
157.80383099988103,g,16.17370078184883,0.029126999899744984
158.88989580003545,g,16.123129318305118,0.05649995431303977
158.88989580003545,g,16.123100664350012,0.056499999016523354
159.89865740016103,g,16.11294944283118,0.03287460654973983
159.89865740016103,g,16.112899894023887,0.03287500143051147
163.82855319976807,g,16.181331994658464,0.032509196549654
163.82855319976807,g,16.18129927056892,0.03250899910926819
164.88282410008833,g,16.24094024508051,0.03875629231333732
166.76659720018506,g,16.270386150580077,0.028635146096348763
167.80724539980292,g,16.369253594074408,0.024867329746484753
164.88282410008833,g,16.2409002940569,0.03875600174069404
166.76659720018506,g,16.2703992067089,0.02863500081002712
171.73079859977588,g,16.240354863529717,0.02764945290982723
171.73079859977588,g,16.240400858630395,0.02764900028705597
172.8085416997783,g,16.221493073018355,0.02091281674802303
173.75967589998618,g,16.258743519371663,0.03941953554749489
172.8085416997783,g,16.22150083159845,0.020912999287247654
173.75967589998618,g,16.258699416976775,0.039420001208782196
174.70976850017905,g,16.270872509154643,0.030235590413212776
174.70976850017905,g,16.27090110450175,0.030236000195145607
176.78958329977468,g,16.351888951440785,0.035383738577365875
176.78958329977468,g,16.351900235938174,0.03538399934768677
178.71021990012378,g,16.386333822047547,0.03857264667749405
178.71021990012378,g,16.386299270705436,0.0385730005800724
179.83089119987562,g,16.456402101700288,0.034627318382263184
180.73298610001802,g,16.43455341692652,0.040852595120668404
179.83089119987562,g,16.45640028686086,0.03462700173258781
180.73298610001802,g,16.43460110041958,0.04085300117731094
167.80724539980292,g,16.369301264285166,0.02486700005829334
181.8516782000661,g,16.468855278722206,0.03199277445673942
181.8516782000661,g,16.468901174108314,0.03199300169944763
182.72846060013399,g,16.41399994124308,0.03939799964427947
182.72846060013399,g,16.414003499038227,0.03939822688698769
183.7504397998564,g,16.393627644480155,0.026601158082485196
183.7504397998564,g,16.393600831537146,0.026600999757647514
185.7539236000739,g,16.38675703431654,0.0389542244374752
185.7539236000739,g,16.38680115842218,0.03895400092005729
194.71719910018146,g,16.581756619119872,0.04404193535447121
194.71719910018146,g,16.58180072781852,0.04404199868440628
194.84125000005588,g,16.59586738371341,0.0524621419608593
196.7343171001412,g,16.554743230069718,0.031427066773176186
196.71553240017965,g,16.516747024561276,0.046900924295186996
194.84125000005588,g,16.595899608037197,0.05246200039982796
196.71553240017965,g,16.516701127551087,0.046900998800992966
196.7343171001412,g,16.554700894737678,0.03142699971795082
197.64915509987622,g,16.50970113078577,0.050554145127534866
197.650578700006,g,16.54363466390875,0.028777964413166043
197.64915509987622,g,16.50970113078577,0.050553999841213226
197.650578700006,g,16.54360009644367,0.02877799980342388
199.64865740016103,g,16.597499962545655,0.028759999200701714
199.64865740016103,g,16.597475559846792,0.028759613633155823
199.74462960008532,g,16.604709768356408,0.033902060240507126
199.74462960008532,g,16.6047002462431,0.03390200063586235
201.7132522999309,g,16.641144259786223,0.042531203478574746
201.7132522999309,g,16.641100155533024,0.04253099858760834
204.6697916998528,g,16.748485745167983,0.02822527848184108
204.6697916998528,g,16.748501183076783,0.0282249990850687
205.69065969996154,g,16.778278514071424,0.0487360917031765
205.69065969996154,g,16.778299357680986,0.04873599857091903
206.68939810013399,g,16.776422971545035,0.0407414473593235
206.68939810013399,g,16.776399727024028,0.040741000324487686
207.6295369998552,g,16.718895014253995,0.03424126654863357
207.6295369998552,g,16.718900970030333,0.034240998327732086
210.71170140011236,g,16.66190162198683,0.034837789833545685
210.71170140011236,g,16.66189985072008,0.03483799844980239
222.65277779987082,g,16.810018571219977,0.04235049337148666
222.6523032002151,g,16.78824264883755,0.03566054999828338
222.6523032002151,g,16.7882008627536,0.0356610007584095
222.65277779987082,g,16.80999952651601,0.04235000163316727
228.63475689990446,g,16.964125210571908,0.03594491630792617
228.63570600003004,g,16.980797208761686,0.044854592531919486
228.63475689990446,g,16.964100141862897,0.03594499826431274
228.63570600003004,g,16.980800716164605,0.044854998588562005
230.69012730009854,g,17.043949462266525,0.046973228454589844
230.69012730009854,g,17.043900057198616,0.04697300121188163
230.7122105997987,g,17.042942139315393,0.03869246318936347
230.7122105997987,g,17.042900447371764,0.03869200125336647
233.6909491000697,g,16.934900445067775,0.046552397310733795
233.6909491000697,g,16.934900445067775,0.04655199870467185
234.68274309998378,g,16.900999077967434,0.037831999361515045
235.68756939982995,g,16.904596821569637,0.03632441908121109
235.68756939982995,g,16.904600407672508,0.03632400184869766
251.6305324002169,g,17.139576234277133,0.05216323956847191
251.6305324002169,g,17.139601247706864,0.05216300114989281
258.6200116002001,g,17.064550716458356,0.054523106664419174
258.6200116002001,g,17.06460009245871,0.05452299863100052
58.942465300206095,r,14.680972198955894,0.03721300885081291
58.942465300206095,r,14.68100027969725,0.03721300140023231
60.94625000003725,r,14.595877030343184,0.029290633276104924
58.942465300206095,r,14.6809720993042,0.03721300885081291
60.94625000003725,r,14.595876693725586,0.029290633276104924
63.93383099976927,r,14.657851219177246,0.03114625439047813
63.93383099976927,r,14.657851596441265,0.031146254390478127
63.93383099976927,r,14.65789986261385,0.031145999208092683
65.95343750016764,r,14.73270371995182,0.025814196094870567
65.95343750016764,r,14.73270320892334,0.025814196094870567
65.95343750016764,r,14.732700752056289,0.025814000517129898
72.92067130003124,r,14.796900340452765,0.027014832943677902
72.92067130003124,r,14.796899795532227,0.027014832943677902
72.92067130003124,r,14.796900340452765,0.027015000581741333
74.9257638999261,r,14.854422908000323,0.024588432163000107
74.9257638999261,r,14.854399668313517,0.024588000029325482
74.92671300005168,r,14.86979675077543,0.024148320779204365
74.9257638999261,r,14.854422569274902,0.024588432163000107
74.92671300005168,r,14.869796752929688,0.02414832077920437
74.92671300005168,r,14.86979972957649,0.024148000404238697
74.95799770019948,r,14.880449341014014,0.02930496074259281
74.95799770019948,r,14.880449295043945,0.02930496074259281
74.95799770019948,r,14.880399838177206,0.02930499985814094
60.94625000003725,r,14.595899773888668,0.02929100021719932
76.9149306002073,r,14.908978453709985,0.025076640769839283
76.9149306002073,r,14.909000541693475,0.025077000260353085
76.94648149982095,r,14.927916655283143,0.04091860353946685
76.94648149982095,r,14.927900600823769,0.040918998420238495
83.9691897998564,r,15.11693672940644,0.030518094077706334
83.96965279988945,r,15.069891958312857,0.02739574387669563
83.9691897998564,r,15.116900953999282,0.03051799908280372
83.96965279988945,r,15.069899666600127,0.027396000921726227
95.94053239980713,r,15.300793204780256,0.044357247650623315
95.94053239980713,r,15.300800331912201,0.04435700178146363
95.9414814999327,r,15.280099042246883,0.04360523819923401
95.9414814999327,r,15.280100270668887,0.0436049997806549
98.94097220012918,r,15.29465507794351,0.028229989111423485
98.94097220012918,r,15.294699803137068,0.028230000287294388
98.9414467997849,r,15.28832749393038,0.021156661212444305
98.9414467997849,r,15.288300072988193,0.021157000213861465
103.87810190021992,r,15.407199967143493,0.024096999317407608
103.89969909982756,r,15.419699730486856,0.041088998317718506
107.86677080020308,r,15.45059992241607,0.032561998814344406
108.93553239991888,r,15.393900369249355,0.03173499926924705
110.93966440018266,r,15.427973956786063,0.02708466164767742
110.93966440018266,r,15.428000810911078,0.02708500064909458
113.91995370015502,r,15.525417426782967,0.02254977822303772
113.91995370015502,r,15.525400133368915,0.022549999877810475
115.96273150015622,r,15.59264194491047,0.025082711130380627
115.96273150015622,r,15.592600234851707,0.025082999840378765
117.87923609977588,r,15.668224864154267,0.028282372280955315
117.87923609977588,r,15.668199803453005,0.028281999751925465
117.88018519990146,r,15.668437058934574,0.03881173208355903
117.88018519990146,r,15.668400102579175,0.038812000304460526
122.97366899996996,r,15.684606603458635,0.020722480490803715
122.97366899996996,r,15.684600020108794,0.020721999928355217
124.89421299984679,r,15.68834614959521,0.027573561295866966
124.89421299984679,r,15.688300252046592,0.02757400088012218
129.91939810011536,r,15.869935258871015,0.02317329682409763
129.91939810011536,r,15.86990012021076,0.023173000663518906
143.79628469981253,r,16.063491820721786,0.035531237721443176
143.79628469981253,r,16.063499597910678,0.03553099930286407
146.89956020005047,r,15.97492051534617,0.026880137622356415
146.89956020005047,r,15.974900266188046,0.026879999786615368
148.83696760004386,r,16.005234271563243,0.025076732039451596
148.83696760004386,r,16.005199721213927,0.025077000260353085
149.81658559991047,r,15.993661999532979,0.03589985519647598
149.81658559991047,r,15.993700195792755,0.035900000482797616
150.8154167002067,r,16.050987366278832,0.02867511473596096
150.8154167002067,r,16.05100110885361,0.028674999251961705
151.7950694002211,r,16.044437389178483,0.03705858439207077
151.7950694002211,r,16.044399276049464,0.03705900162458419
152.81572919990867,r,16.0606141023778,0.030276941135525703
152.81572919990867,r,16.060600431500177,0.030277000740170475
155.88252309989184,r,16.148384352467353,0.034723348915576935
155.88252309989184,r,16.148399805315705,0.03472299873828888
157.8925578999333,r,16.128820952372816,0.03418409079313278
157.8925578999333,r,16.12879947793529,0.03418400138616562
158.8163541997783,r,16.056257647515476,0.03527089208364487
158.8163541997783,r,16.056299366096262,0.03527100011706352
159.8257176000625,r,16.10314379584196,0.04187824204564094
159.8257176000625,r,16.103100338768776,0.04187799990177154
162.79453699989244,r,16.15270097730437,0.019186349585652348
162.79453699989244,r,16.15270097730437,0.019185999408364292
164.76630790019408,r,16.193439515075916,0.02120925113558769
164.76630790019408,r,16.193399521056968,0.021208999678492546
165.82832180010155,r,16.220285434680548,0.0311664305627346
165.84082179982215,r,16.42680363475769,0.03395008295774459
166.8405670998618,r,16.207556230178305,0.01621679402887821
165.82832180010155,r,16.22030093464623,0.03116600029170513
166.8405670998618,r,16.207599746445897,0.016217000782489773
167.8215625002049,r,16.277718122744922,0.02542918361723423
167.8215625002049,r,16.27770083369918,0.025428999215364453
170.79480319982395,r,16.248943306780184,0.024217333644628528
170.79480319982395,r,16.248899831303333,0.024217000231146812
171.7904977002181,r,16.230539799835054,0.028298025950789448
171.7904977002181,r,16.230499322639318,0.028297999873757362
172.85834489995614,r,16.260879799995777,0.027837665751576424
174.77255789982155,r,16.32199714862127,0.032172828912734985
172.85834489995614,r,16.260900671007477,0.027837999165058133
174.77255789982155,r,16.322000725728422,0.032173000276088715
177.8371875002049,r,16.34761461463406,0.0355738289654255
177.8371875002049,r,16.347600975046134,0.03557400032877922
178.7340740999207,r,16.37679710177212,0.02204846031963825
179.7732060002163,r,16.408474012435097,0.03419582545757294
178.7340740999207,r,16.37680066945812,0.022048000246286392
179.7732060002163,r,16.408500794478815,0.03419600054621696
165.84082179982215,r,16.426800034770263,0.033950001001358025
181.77303239982575,r,16.452421712653578,0.04537051543593406
181.77303239982575,r,16.45240022310724,0.04537099972367287
182.73317130003124,r,16.411712880746876,0.03247128054499626
183.79432869981974,r,16.373400216496677,0.026556978002190586
182.73317130003124,r,16.411699818390392,0.03247100114822387
183.79432869981974,r,16.373400216496677,0.026557000353932377
185.73224540008232,r,16.3988574107914,0.029174953699111935
185.73224540008232,r,16.398899116570213,0.029175000265240666
194.75538189988583,r,16.656906178131493,0.036445271223783486
194.75538189988583,r,16.656900804773805,0.0364449992775917
194.77365740016103,r,16.651294951415863,0.04089792817831039
194.77365740016103,r,16.6513009653139,0.040897998958826065
196.77050929982215,r,16.5395642609041,0.03060810267925262
196.78575230017304,r,16.57029345831701,0.03066267818212509
196.77050929982215,r,16.539600659488663,0.03060800023376941
196.78575230017304,r,16.570299427483373,0.030663000419735905
199.67351849982515,r,16.62120055651894,0.04088899865746498
199.6744559998624,r,16.662935775851853,0.03163675591349601
199.67351849982515,r,16.621216073994642,0.04088927432894706
199.6744559998624,r,16.662901161546156,0.031637001782655716
200.7325578997843,r,16.672790808609914,0.039630260318517685
200.7325578997843,r,16.672800350636784,0.039629999548196786
201.67108799982816,r,16.699804770723368,0.04947810247540474
201.67108799982816,r,16.699800665627293,0.049477998167276376
202.69071759982035,r,16.710953279139957,0.0325048305094242
202.69071759982035,r,16.711000932001244,0.03250499814748763
203.6924653002061,r,16.718866391426477,0.03355090692639351
203.6924653002061,r,16.718900970030333,0.03355100005865097
204.690173599869,r,16.782636762148215,0.035901308059692376
204.690173599869,r,16.782600470009967,0.03590099886059761
206.73204859998077,r,16.811050868449254,0.03295291215181351
206.73204859998077,r,16.811100413992897,0.03295300155878066
207.66987269977108,r,16.756321367284134,0.040428981184959405
207.66987269977108,r,16.756300481316167,0.0404289998114109
208.6680092997849,r,16.72301487311194,0.03198909014463424
208.6680092997849,r,16.722999971823516,0.03198900073766708
209.67483799997717,r,16.724920442402432,0.031173111870884892
209.67483799997717,r,16.724899526132795,0.031173000112175938
210.67167819989845,r,16.790558271780036,0.036013089120388024
210.67167819989845,r,16.79059995877089,0.03601299971342087
211.6854514000006,r,16.844997550475856,0.054391153156757355
211.6854514000006,r,16.844999347592495,0.05439100041985512
213.66811340022832,r,16.82717340928857,0.03342886269092559
213.66811340022832,r,16.827200222062963,0.03342900052666664
222.68731479998678,r,16.87245029735324,0.040709231048822396
222.68731479998678,r,16.872400738648235,0.0407090000808239
222.68778940010816,r,16.877012410594094,0.036117415875196464
222.68778940010816,r,16.87700109962625,0.03611699864268303
228.64920140011236,r,17.039543515156325,0.034629058092832565
228.64920140011236,r,17.039499445532954,0.03462899848818778
228.65392359998077,r,17.022758848617364,0.03260241076350212
228.65392359998077,r,17.02280059747754,0.03260200098156929
230.60633100010455,r,17.04356027838788,0.039977073669433594
230.60633100010455,r,17.043600197484942,0.03997699916362762
230.6072685001418,r,17.080047909695622,0.04922763258218765
230.6072685001418,r,17.080000181531613,0.04922800138592719
236.6283565000631,r,17.002996921525583,0.05448182299733161
236.6283565000631,r,17.003000501381596,0.05448200181126594
237.67459490010515,r,17.049333554757684,0.046596877276897423
237.67459490010515,r,17.049299570317995,0.04659700021147728
251.65938659990206,r,17.171875393766108,0.03476199135184287
251.65938659990206,r,17.171899813335244,0.03476199880242348
251.65986109990627,r,17.265760437483646,0.05281445011496543
251.65986109990627,r,17.265800963905804,0.05281399935483932
256.6298957997933,r,17.30842250104775,0.04203203320503234
256.6298957997933,r,17.308399246263317,0.042031999677419656
257.66342590004206,r,17.327287934163458,0.07062984257936478
257.66342590004206,r,17.327299298515726,0.07062999904155731
258.63318290002644,r,17.139231081598684,0.03970564156770706
258.63318290002644,r,17.139200709225754,0.03970599919557571
267.6225347002037,r,17.399202690268112,0.06514089554548264
94.91978010023013,i,14.946000132532571,0.027820000424981114
94.93399310018867,i,14.942998407478335,0.034729532897472375
94.91978010023013,i,14.945974500345459,0.027820359915494915
109.93951389985159,i,14.98359995099252,0.048820000141859055
124.94258099980652,i,15.367844794558467,0.04153862223029137
124.94258099980652,i,15.367800128272116,0.041538998484611504
127.8976968000643,i,15.349804276623724,0.028753722086548805
127.8976968000643,i,15.349800145491333,0.02875399962067604
142.83494210010394,i,15.567847650242793,0.029154090210795396
142.83494210010394,i,15.567799984664765,0.029154000803828236
157.81890049995854,i,15.67666245373061,0.0355069600045681
157.81890049995854,i,15.676700032793974,0.03550700098276138
172.76255790004507,i,15.732353483504388,0.04116628319025038
172.76255790004507,i,15.732399991729741,0.04116600006818771
180.77304399991408,i,15.964752569910052,0.030104110017418858
180.77304399991408,i,15.964800237064113,0.030104000121355053
180.77399310003966,i,15.936250266526907,0.03467093035578728
183.75241900002584,i,15.881440163049868,0.04027088358998297
183.77214120002463,i,15.878400941695835,0.033574953675270074
180.77399310003966,i,15.936200205121882,0.03467100113630294
183.75241900002584,i,15.881400211031893,0.04027099907398223
183.77214120002463,i,15.878400367853377,0.03357499837875366
187.71064809989184,i,15.954022573641332,0.03543320670723915
187.71064809989184,i,15.954000513275243,0.035433001816272736
200.6612153002061,i,16.13451611448582,0.02599498815834522
200.6612153002061,i,16.134500650409024,0.025994999334216118
201.82142359996215,i,16.16487156563717,0.0369880236685276
201.82142359996215,i,16.164900169422985,0.036988001316785805
203.60642360011116,i,16.202409984214846,0.04175528138875961
203.60642360011116,i,16.202400482654717,0.04175499826669692
205.6492130002007,i,16.312385958475407,0.04480501636862754
205.6492130002007,i,16.312400874447892,0.04480500146746635
214.75221059983596,i,16.335024343557137,0.03554001450538635
214.75221059983596,i,16.334999376398773,0.03553999960422516
233.7132175997831,i,16.417152418624056,0.049445997923612595
192.6422684029676,g,16.777,0.055
192.64411006961018,g,16.74,0.052
192.64596192119643,g,16.672,0.046
192.7927644676529,g,16.652,0.056
192.7946185185574,g,16.703,0.055
192.79645879613236,g,16.765,0.058
193.6260770834051,g,16.719,0.047
193.62793321767822,g,16.704,0.047
193.62978807883337,g,16.717,0.047
195.62608796311542,g,16.688,0.045
195.6279434026219,g,16.687,0.046
195.6297973380424,g,16.7,0.046
196.6279496527277,g,16.626,0.043
196.62979930546135,g,16.647,0.044
196.6316467593424,g,16.669,0.044
197.61706874985248,g,16.646,0.044
197.61892349552363,g,16.646,0.044
197.62076655076817,g,16.656,0.044
198.61211840296164,g,16.722,0.046
198.6139586805366,g,16.765,0.047
198.61580462986603,g,16.776,0.047
198.72327638883144,g,16.718,0.045
198.72511087963358,g,16.676,0.044
198.7269633100368,g,16.7,0.045
201.60527673596516,g,16.845,0.049
201.60712858801708,g,16.859,0.049
201.60898321773857,g,16.831,0.048
201.72328136581928,g,16.802,0.047
201.72513599554077,g,16.825,0.048
201.72699212981388,g,16.832,0.048
204.60505208326504,g,16.851,0.048
204.60689884237945,g,16.87,0.049
204.60875277779996,g,16.84,0.048
204.72328472230583,g,16.882,0.049
204.7251259260811,g,16.858,0.049
204.72695937519893,g,16.879,0.049
205.60534108802676,g,16.951,0.051
205.60718287015334,g,16.983,0.052
205.60903530102223,g,16.899,0.05
205.72328124986961,g,16.932,0.05
205.72512361127883,g,16.934,0.05
205.72696458315477,g,16.902,0.049
206.68453055573627,g,16.979,0.052
206.68636643514037,g,16.98,0.052
206.68821967579424,g,16.972,0.051
206.77262893505394,g,17.029,0.053
206.77446990739554,g,17.063,0.055
206.77630300913006,g,17.042,0.054
207.59119560196996,g,16.919,0.05
207.59305034717545,g,16.962,0.052
207.59491747664288,g,16.922,0.05
210.605915625114,g,16.928,0.051
210.6077565974556,g,16.889,0.05
210.6096233795397,g,16.859,0.049
213.60590578708798,g,17.047,0.055
213.60776261566207,g,17.045,0.055
213.6096180556342,g,17.051,0.056
214.60604826407507,g,16.941,0.06
214.6078922455199,g,16.924,0.06
214.60974664334208,g,17.036,0.064
214.71886296290904,g,17.023,0.068
214.72070543980226,g,17.039,0.062
214.72261203685775,g,17.075,0.062
215.60603055544198,g,16.891,0.057
215.607879397925,g,16.915,0.059
215.60972754610702,g,16.839,0.057
215.6115763890557,g,17.003,0.061
215.61341238440946,g,16.902,0.061
219.58853981504217,g,16.971,0.056
219.5903828702867,g,16.987,0.056
219.59222523123026,g,17.052,0.058
219.59413194423541,g,17.099,0.06
219.5959809026681,g,17.111,0.063
219.6613524304703,g,17.033,0.059
219.6631991895847,g,17.052,0.06
219.6650431714952,g,17.039,0.057
219.66687199054286,g,17.159,0.068
219.66872037015855,g,17.125,0.062
221.5914098378271,g,16.956,0.055
221.5932501158677,g,16.964,0.055
221.59509317111224,g,16.929,0.055
221.59693564800546,g,16.848,0.053
221.59878090256825,g,16.897,0.054
221.66135983774439,g,17.016,0.072
221.66320150485262,g,16.935,0.055
221.66504756966606,g,16.898,0.053
221.6669015046209,g,16.917,0.053
221.6687561343424,g,16.873,0.053
222.58883287059143,g,16.935,0.051
222.59066909737885,g,16.884,0.051
222.59253379609436,g,16.957,0.052
222.59437407413498,g,17.007,0.055
222.59620416676626,g,16.947,0.052
222.66132314829156,g,16.955,0.054
222.66322916653007,g,17.001,0.056
222.66508078714833,g,16.928,0.052
222.66693125013262,g,16.957,0.053
222.66883657407016,g,17.052,0.057
223.64680856466293,g,16.983,0.054
223.64863726869226,g,16.953,0.053
223.65048043988645,g,16.947,0.053
223.65238564834,g,16.927,0.052
225.57811828702688,g,17.094,0.055
225.57995995366946,g,17.174,0.057
225.58181180572137,g,17.087,0.054
225.5836664349772,g,17.068,0.054
225.58552118064836,g,17.079,0.054
225.6404144675471,g,17.096,0.055
225.64225555537269,g,17.111,0.055
225.64409710653126,g,17.106,0.055
225.64600092591718,g,17.098,0.056
225.64782673632726,g,17.099,0.055
227.58460115734488,g,17.219,0.057
227.5864530093968,g,17.084,0.053
227.58830046281219,g,17.063,0.053
227.59014143515378,g,17.092,0.054
227.59197800932452,g,17.062,0.053
228.62428275449201,g,17.143,0.055
228.62612881930545,g,17.177,0.056
228.62798414332792,g,17.225,0.058
228.62983888899907,g,17.156,0.056
228.63168854173273,g,17.152,0.056
228.6769543979317,g,17.174,0.057
228.6788524305448,g,17.153,0.056
228.6807050923817,g,17.088,0.054
228.68254525447264,g,17.112,0.055
228.68437893502414,g,17.211,0.058
229.5785975693725,g,17.236,0.058
229.58047245349735,g,17.187,0.057
229.58231921307743,g,17.166,0.056
229.58417025441304,g,17.215,0.058
229.58600208349526,g,17.151,0.056
229.6404021992348,g,17.123,0.055
229.64230960654095,g,17.216,0.058
229.64414745382965,g,17.166,0.056
229.64599525462836,g,17.199,0.058
229.64790810178965,g,17.187,0.057
230.6403226852417,g,17.185,0.057
230.6421736110933,g,17.16,0.056
230.64402916654944,g,17.17,0.056
230.6458788192831,g,17.204,0.057
230.6477197916247,g,17.19,0.057
231.56790219899267,g,17.271,0.059
231.56976631935686,g,17.242,0.059
231.57160879625008,g,17.239,0.059
231.57346342597157,g,17.251,0.059
231.57531307870522,g,17.196,0.057
232.61998032405972,g,17.104,0.055
232.62240914348513,g,17.091,0.054
232.62482430553064,g,17.089,0.054
232.6272532409057,g,17.147,0.056
232.6296790507622,g,17.209,0.058
233.55742314830422,g,17.077,0.054
233.55984895816073,g,17.075,0.054
233.56233622692525,g,17.135,0.056
233.5647658566013,g,17.105,0.055
233.56725405110046,g,17.131,0.056
235.6320611112751,g,17.277,0.06
235.63454861100763,g,17.27,0.06
235.6369629628025,g,17.401,0.064
235.63945381948724,g,17.358,0.063
235.641871990636,g,17.345,0.062
236.64548599533737,g,17.156,0.056
236.6479156250134,g,17.145,0.056
236.65033483784646,g,17.163,0.056
236.65277638891712,g,17.188,0.057
236.65526724560186,g,17.165,0.056
237.67478761589155,g,17.275,0.059
237.67722002323717,g,17.269,0.059
237.67967083351687,g,17.253,0.059
237.6820994215086,g,17.291,0.06
237.68451817147434,g,17.276,0.06
238.63349594920874,g,17.35,0.061
238.63592557888478,g,17.263,0.059
238.63835659716278,g,17.246,0.058
238.64077824074775,g,17.272,0.059
238.64320393512025,g,17.27,0.059
240.57367071742192,g,17.18,0.056
240.57615798618644,g,17.192,0.057
240.5785846062936,g,17.189,0.057
240.58106018509716,g,17.203,0.057
240.58347592595965,g,17.211,0.057
240.6455512731336,g,17.219,0.057
240.64804212981835,g,17.191,0.057
240.65049050934613,g,17.225,0.06
240.6529241898097,g,17.222,0.059
240.65534155070782,g,17.193,0.057
241.58024444431067,g,17.286,0.062
241.58273472217843,g,17.307,0.063
241.58516145823523,g,17.197,0.06
241.58765231491998,g,17.326,0.067
241.5900784721598,g,17.359,0.068
247.60977060208097,g,17.14,0.057
247.6122030094266,g,17.105,0.057
247.61461747670546,g,17.108,0.055
247.6170512731187,g,17.119,0.056
247.61949178250507,g,17.133,0.056
247.68191967578605,g,17.211,0.068
247.6843781247735,g,17.214,0.066
247.68680196767673,g,17.065,0.064
247.68923368072137,g,17.224,0.065
247.69166319444776,g,17.133,0.067
248.59583055553958,g,17.141,0.057
248.59826331026852,g,17.125,0.059
248.6007435186766,g,17.269,0.064
248.60316516226158,g,17.226,0.06
248.6055881944485,g,17.176,0.061
249.57431770814583,g,17.199,0.062
249.57679027784616,g,17.329,0.065
249.57920613419265,g,17.294,0.067
249.58168425923213,g,17.259,0.062
249.58409629622474,g,17.281,0.064
250.57882673619315,g,17.241,0.069
250.58125254651532,g,17.329,0.065
250.5836778935045,g,17.23,0.086
250.58610312500969,g,17.302,0.07
250.58853495353833,g,17.301,0.068
251.6109839119017,g,17.134,0.128
251.61342870350927,g,17.197,0.122
251.6158537035808,g,17.218,0.093
251.6182876159437,g,17.265,0.11
251.6207651621662,g,17.11,0.091
252.57804606482387,g,17.475,0.071
252.58047337969765,g,17.316,0.064
252.58294699061662,g,17.351,0.065
252.58537233807147,g,17.31,0.063
252.58779976842925,g,17.35,0.065
253.563071643468,g,17.401,0.063
253.56607685191557,g,17.343,0.062
253.56908495351672,g,17.393,0.063
253.5720901619643,g,17.349,0.062
253.57507650461048,g,17.486,0.071
254.55643333354965,g,17.408,0.063
254.55943275475875,g,17.458,0.067
254.56243715295568,g,17.436,0.064
254.5654631946236,g,17.437,0.065
254.56846770830452,g,17.461,0.065
255.55647210637107,g,17.357,0.063
255.55947789363563,g,17.348,0.062
255.5624810187146,g,17.465,0.067
255.56548495357856,g,17.512,0.067
255.56849074084312,g,17.333,0.063
256.55645266221836,g,17.618,0.071
256.5594627317041,g,17.571,0.069
256.5625256942585,g,17.583,0.069
256.56552731478587,g,17.297,0.061
256.56853182893246,g,17.479,0.066
257.56641597207636,g,17.438,0.065
257.56941597210243,g,17.447,0.065
257.5724883102812,g,17.388,0.063
257.5754877314903,g,17.407,0.063
257.57849085656926,g,17.382,0.063
259.58141006948426,g,17.264,0.059
259.58441956015304,g,17.301,0.06
259.58747488446534,g,17.241,0.058
259.59048726875335,g,17.249,0.059
259.59355335636064,g,17.291,0.06
263.578520138748,g,17.08,0.054
263.5809489581734,g,17.068,0.053
263.58337372681126,g,17.082,0.053
263.5858055553399,g,17.11,0.054
263.58823194447905,g,17.136,0.055
263.59063969925046,g,17.127,0.055
264.56694942107424,g,17.266,0.06
264.5693847220391,g,17.247,0.06
264.5717998840846,g,17.266,0.059
264.5742150461301,g,17.308,0.061
264.57663229154423,g,17.295,0.061
264.57910173619166,g,17.341,0.062
265.56695983791724,g,17.361,0.063
265.5693663195707,g,17.337,0.062
265.5717846066691,g,17.31,0.06
265.57419085642323,g,17.326,0.061
265.57661168975756,g,17.296,0.06
265.57902685180306,g,17.311,0.06
266.5670065972954,g,17.34,0.061
266.5694391205907,g,17.311,0.06
266.5718664349988,g,17.308,0.06
266.5742982639931,g,17.344,0.061
266.57672638911754,g,17.367,0.062
266.5791530092247,g,17.319,0.06
267.55674664350227,g,17.606,0.076
267.5592371528037,g,17.611,0.077
267.5616656248458,g,17.483,0.067
267.56409386591986,g,17.44,0.064
267.566521180328,g,17.486,0.066
267.56895532412454,g,17.506,0.067
270.5784818287939,g,17.627,0.073
270.58090416667983,g,17.61,0.074
270.58332974556834,g,17.787,0.082
270.585812731646,g,17.63,0.074
270.5882406248711,g,17.663,0.075
271.56412083329633,g,17.77,0.082
271.5665460648015,g,17.773,0.084
271.56897997669876,g,17.717,0.076
271.5714687500149,g,17.971,0.1
271.57388321775943,g,17.742,0.077
272.56373356468976,g,18.021,0.112
272.5662129628472,g,17.984,0.099
272.5686381943524,g,17.967,0.095
272.5710670137778,g,17.985,0.102
272.5735586807132,g,17.798,0.086
273.5637412038632,g,17.865,0.085
273.5661694444716,g,17.965,0.096
273.56860335636884,g,18.022,0.094
273.57101840293035,g,18.111,0.095
273.5734523148276,g,18.096,0.098
274.56360312504694,g,18.004,0.097
274.56661620363593,g,18.026,0.1
274.56961550936103,g,17.936,0.088
274.5726113426499,g,18.166,0.1
274.5756143517792,g,18.085,0.097
274.57860578689724,g,18.037,0.091
275.56881238427013,g,18.325,0.111
275.5718211806379,g,18.133,0.103
275.57482569431886,g,18.282,0.114
275.57782500004396,g,18.287,0.108
275.58083599526435,g,18.194,0.101
275.5838361112401,g,18.088,0.097
276.58447280107066,g,18.472,0.176
276.58764768531546,g,18.363,0.127
276.590654282365,g,18.303,0.123
276.59365624981,g,18.674,0.169
276.59665069449693,g,18.268,0.12
276.5996481482871,g,18.219,0.119
277.56666388874874,g,18.327,0.125
277.5696690971963,g,18.459,0.125
277.57266192138195,g,18.347,0.12
277.5756641202606,g,18.298,0.113
277.57866851845756,g,18.113,0.101
278.5666540507227,g,18.239,0.114
278.5696844905615,g,18.594,0.14
278.5726774306968,g,18.668,0.15
278.5756818288937,g,18.632,0.158
278.57867442118004,g,18.44,0.132
280.5672839120962,g,18.744,0.214
280.57027916656807,g,18.905,0.209
280.5732832173817,g,18.473,0.147
280.576285995543,g,18.449,0.17
280.57947962963954,g,19.048,0.208
281.5670546297915,g,19.196,0.305
281.570051967632,g,18.581,0.17
281.573055208195,g,18.8,0.184
281.5760597223416,g,19.051,0.225
281.5790502312593,g,18.826,0.207
282.5797900464386,g,19.247,0.209
282.582800347358,g,19.703,0.295
282.5858045136556,g,19.787,0.415
284.5706893517636,g,19.293,0.221
284.57369664357975,g,19.869,0.315
284.57669606478885,g,19.908,0.321
286.5706896991469,g,20.52,0.745
286.57369421282783,g,20.083,0.433
286.57669027801603,g,19.875,0.269
288.5741725694388,g,20.129,0.457
192.64790902798995,r,16.703,0.056
192.64977673627436,r,16.599,0.053
192.65162164345384,r,16.668,0.055
192.79833368072286,r,16.555,0.054
192.80024247663096,r,16.584,0.054
192.80209502298385,r,16.704,0.057
193.63172083348036,r,16.642,0.051
193.63356539374217,r,16.647,0.05
193.63542071776465,r,16.632,0.05
195.6317495368421,r,16.616,0.05
195.6336208335124,r,16.548,0.049
195.63544872682542,r,16.585,0.049
196.63359594903886,r,16.574,0.049
196.63544652797282,r,16.59,0.049
196.63728946773335,r,16.58,0.049
197.6227115741931,r,16.621,0.05
197.62455752305686,r,16.584,0.049
197.62639918969944,r,16.643,0.05
198.61773946741596,r,16.625,0.05
198.61956898169592,r,16.651,0.05
198.62141562486067,r,16.615,0.05
198.72891122708097,r,16.658,0.051
198.73075289372355,r,16.673,0.051
198.73259675921872,r,16.666,0.051
201.61092824069783,r,16.737,0.053
201.61275972239673,r,16.711,0.052
201.61460810201243,r,16.728,0.052
201.72893564822152,r,16.721,0.052
201.73077800916508,r,16.668,0.051
201.7326203705743,r,16.722,0.052
204.61068912036717,r,16.79,0.053
204.61253078700975,r,16.806,0.054
204.61437534727156,r,16.778,0.053
204.72884074086323,r,16.763,0.053
204.73067743051797,r,16.735,0.052
204.73252083314583,r,16.772,0.053
205.61096331011504,r,16.828,0.054
205.6128128473647,r,16.848,0.054
205.61464733816683,r,16.83,0.054
205.72883379645646,r,16.837,0.055
205.73067974532023,r,16.789,0.054
205.73253344884142,r,16.85,0.055
206.6901604165323,r,16.873,0.055
206.69201053259894,r,16.879,0.056
206.6938435183838,r,16.87,0.056
206.778164814692,r,16.971,0.059
206.7800711807795,r,16.937,0.057
206.7819273150526,r,16.708,0.056
207.59686608798802,r,16.841,0.055
207.59869687492028,r,16.841,0.055
207.60053842607886,r,16.83,0.054
207.68512442149222,r,16.634,0.085
207.68881435180083,r,16.556,0.079
210.61155613418669,r,16.846,0.056
210.6134049766697,r,16.848,0.056
210.61524444445968,r,16.832,0.056
213.6115539353341,r,16.918,0.057
213.61339780082926,r,16.872,0.056
213.61524664331228,r,16.904,0.057
214.61163506936282,r,16.76,0.067
214.61349050933495,r,16.69,0.063
214.61539143510163,r,16.79,0.067
214.72449976857752,r,16.816,0.064
214.72634837962687,r,16.81,0.062
214.7281840275973,r,16.722,0.06
215.61534282425418,r,16.799,0.102
215.62088194442913,r,16.803,0.086
219.5978557872586,r,16.958,0.059
219.5996931712143,r,16.921,0.058
219.60153344925493,r,16.909,0.058
219.6034385417588,r,16.941,0.059
219.60528819449246,r,16.969,0.06
219.67059212969616,r,17.049,0.063
219.67242800910026,r,16.94,0.059
219.67427905090153,r,17.005,0.063
219.67612731503323,r,17.021,0.06
219.67798124998808,r,16.925,0.06
221.60072800936177,r,16.818,0.057
221.60256967600435,r,16.855,0.058
221.6044041668065,r,16.891,0.06
221.60626099538058,r,16.836,0.058
221.60811053263023,r,16.837,0.057
221.67066354164854,r,16.868,0.057
221.67251331033185,r,16.837,0.056
221.6743671298027,r,16.831,0.057
221.67622060189024,r,16.838,0.057
221.67805428244174,r,16.838,0.057
222.59812893532217,r,16.931,0.057
222.59997743042186,r,16.918,0.057
222.60181620391086,r,16.928,0.057
222.6036585648544,r,16.922,0.057
222.60550462966785,r,16.917,0.057
222.67072662012652,r,16.916,0.058
222.67258344916627,r,16.967,0.059
222.6744834491983,r,16.903,0.057
222.67633946752176,r,16.916,0.057
222.67819351842627,r,16.954,0.059
223.65427210647613,r,16.903,0.057
223.65611446741968,r,16.881,0.057
223.65801851870492,r,16.85,0.057
223.6598591436632,r,16.929,0.06
225.5874552084133,r,16.997,0.058
225.58928831014782,r,17.041,0.058
225.59112708317116,r,16.991,0.057
225.59297384275123,r,16.968,0.057
225.5948240738362,r,16.982,0.057
225.64968715282157,r,17.002,0.057
225.65157800912857,r,17.002,0.058
225.6534261573106,r,17.096,0.062
225.65527372667566,r,17.07,0.062
225.65716296294704,r,17.112,0.062
227.5939150461927,r,17.005,0.057
227.59577048616484,r,16.999,0.057
227.5976237268187,r,17.027,0.057
227.59947905084118,r,17.036,0.058
227.6014640047215,r,17.04,0.058
228.63362696766853,r,17.068,0.058
228.6354687497951,r,17.056,0.058
228.63731041643769,r,17.089,0.059
228.6392870368436,r,17.096,0.059
228.64113969914615,r,17.081,0.059
228.6862516202964,r,17.051,0.058
228.68812152789906,r,17.048,0.059
228.6899681710638,r,17.084,0.06
228.69188136560842,r,17.031,0.058
228.69373530102894,r,17.033,0.058
229.58793680556118,r,17.072,0.059
229.58977870363742,r,17.057,0.059
229.59162465296686,r,17.085,0.06
229.59348078723997,r,17.081,0.06
229.59533553244546,r,17.04,0.059
229.6497934027575,r,17.056,0.058
229.65162361133844,r,17.064,0.059
229.65352800907567,r,17.106,0.06
229.65538205998018,r,17.058,0.059
229.65722800930962,r,17.129,0.061
230.64960185205564,r,17.127,0.06
230.6514599537477,r,17.131,0.06
230.65331388870254,r,17.121,0.06
230.65516203688458,r,17.17,0.062
230.6570045137778,r,17.135,0.06
231.57726238435134,r,17.164,0.063
231.57912280084565,r,17.144,0.061
231.58097847225145,r,17.1,0.061
231.58285601856187,r,17.19,0.064
231.5846925927326,r,17.102,0.061
232.63213252322748,r,17.039,0.06
232.63455625018105,r,17.077,0.06
232.6369843748398,r,17.066,0.059
232.63941249996424,r,17.115,0.061
233.56971469894052,r,16.984,0.057
233.5721356482245,r,17.001,0.058
233.5745640047826,r,17.01,0.058
233.5771856480278,r,17.022,0.058
235.64432037016377,r,17.09,0.061
235.64675497682765,r,17.227,0.065
235.64918182883412,r,17.215,0.064
235.6516532409005,r,17.252,0.066
236.6577285877429,r,17.114,0.06
236.66015324089676,r,17.122,0.06
236.66259363433346,r,17.115,0.06
236.66503009246662,r,17.133,0.061
237.68716805567965,r,17.163,0.062
237.6896128472872,r,17.063,0.059
237.6920265047811,r,17.166,0.062
237.69445972237736,r,17.181,0.062
238.6456644674763,r,17.174,0.062
238.64814919000491,r,17.153,0.062
238.65056643495336,r,17.135,0.061
238.6529924767092,r,17.116,0.06
240.58598437486216,r,17.132,0.06
240.58841747697443,r,17.158,0.061
240.59089571749792,r,17.139,0.06
240.59332523168996,r,17.118,0.06
240.59594074077904,r,17.118,0.06
240.65780358808115,r,17.257,0.081
240.66022372664884,r,17.29,0.085
240.66283611115068,r,17.177,0.066
240.6652685184963,r,17.113,0.061
240.66769444430247,r,17.205,0.064
241.59258680557832,r,17.169,0.07
241.59499259246513,r,17.295,0.074
241.59747627330944,r,17.138,0.069
241.59989212965593,r,17.491,0.086
241.60238310182467,r,17.213,0.071
247.6220057872124,r,17.108,0.06
247.62443032395095,r,17.08,0.061
247.62685972219333,r,17.147,0.062
247.62927777785808,r,17.155,0.063
247.63189664343372,r,17.064,0.06
248.6080442131497,r,17.101,0.062
248.61048969905823,r,17.126,0.062
248.61310752294958,r,17.109,0.062
248.61553923599422,r,17.08,0.061
248.6179653936997,r,17.14,0.063
249.58897858811542,r,17.221,0.068
249.59141250001267,r,17.22,0.066
249.59383842581883,r,17.136,0.062
249.5964564816095,r,17.202,0.064
250.59106053225696,r,17.176,0.067
250.59348865738139,r,17.237,0.069
250.5959681714885,r,17.203,0.068
250.59838171303272,r,17.211,0.066
250.6008343747817,r,17.223,0.068
251.62341851834208,r,17.426,0.111
251.62586469901726,r,16.976,0.117
251.62829293962568,r,17.077,0.106
251.6307736109011,r,17.171,0.097
251.63320034742355,r,17.433,0.1
252.590248726774,r,17.215,0.065
252.59266898129135,r,17.209,0.064
252.59527905099094,r,17.278,0.066
252.59770740754902,r,17.23,0.065
252.60015729162842,r,17.28,0.066
253.57812627311796,r,17.224,0.064
253.58055219892412,r,17.313,0.068
253.58298391196877,r,17.31,0.068
253.5854099537246,r,17.301,0.066
253.58784340275452,r,17.309,0.068
254.57152627315372,r,17.395,0.07
254.57394074089825,r,17.29,0.067
254.57636678218842,r,17.292,0.066
254.57878622692078,r,17.349,0.067
254.5812143520452,r,17.343,0.067
255.57152337953448,r,17.205,0.071
255.57394432881847,r,17.318,0.082
255.57636296283454,r,17.501,0.117
255.5787961804308,r,17.412,0.105
255.58122210670263,r,17.361,0.084
256.571559375152,r,17.379,0.069
256.5739746526815,r,17.381,0.069
256.57639421289787,r,17.322,0.067
256.57888437481597,r,17.33,0.067
256.58129803230986,r,17.341,0.067
257.58151851873845,r,17.323,0.067
257.58398993033916,r,17.278,0.065
257.58641655091196,r,17.301,0.066
257.5888317129575,r,17.312,0.066
257.5912388889119,r,17.299,0.065
259.5966204861179,r,17.229,0.064
259.599037847016,r,17.243,0.064
259.6014549769461,r,17.178,0.063
259.60387372691184,r,17.264,0.065
259.60634351847693,r,17.133,0.062
263.59310104185715,r,17.136,0.061
263.5955212963745,r,17.17,0.062
263.59801226854324,r,17.072,0.059
263.6004406251013,r,17.13,0.06
263.60285937506706,r,17.086,0.059
263.6053423611447,r,17.114,0.06
264.58155162027106,r,17.194,0.064
264.58398032421246,r,17.198,0.066
264.58641446754336,r,17.242,0.068
264.5888424767181,r,17.253,0.067
264.59125868044794,r,17.315,0.068
264.59371053241193,r,17.229,0.065
265.5814744210802,r,17.258,0.065
265.5838996525854,r,17.33,0.067
265.5863770833239,r,17.28,0.065
265.5888240742497,r,17.279,0.066
265.59124490758404,r,17.276,0.065
265.59366284729913,r,17.202,0.063
266.58161504613236,r,17.302,0.065
266.58403530111536,r,17.361,0.067
266.5865045138635,r,17.399,0.069
266.58891990734264,r,17.318,0.066
266.59136967593804,r,17.318,0.065
266.5939762732014,r,17.371,0.067
267.5714745372534,r,17.441,0.071
267.5738961803727,r,17.438,0.07
267.57632141187787,r,17.42,0.073
267.57874305546284,r,17.455,0.071
267.58135671308264,r,17.427,0.07
267.58377766190097,r,17.449,0.071
270.5907019674778,r,17.596,0.078
270.59319108817726,r,17.671,0.08
270.5956201390363,r,17.627,0.077
270.5980359953828,r,17.643,0.08
270.60064108809456,r,17.589,0.076
271.57634131936356,r,17.614,0.081
271.5788188655861,r,17.677,0.084
271.5812390046194,r,17.699,0.087
271.58365717576817,r,17.534,0.077
271.5860916664824,r,17.688,0.086
272.5760135417804,r,17.71,0.091
272.57843379629776,r,17.927,0.104
272.58087696740404,r,17.558,0.087
272.58330509252846,r,17.675,0.096
272.5857333331369,r,18.197,0.13
273.57590798614547,r,17.846,0.087
273.5783908562735,r,17.976,0.098
273.58099456038326,r,18.04,0.1
273.5834363424219,r,17.929,0.095
273.5858678240329,r,17.929,0.094
274.5839806711301,r,17.988,0.097
274.58700925903395,r,18.136,0.1
274.5902026621625,r,17.991,0.094
274.5932103008963,r,18.053,0.098
274.59620312508196,r,18.005,0.095
274.5992553238757,r,17.923,0.093
275.58705000020564,r,18.059,0.1
275.59005775442347,r,18.004,0.093
275.59306296287104,r,18.028,0.1
275.5961273149587,r,18.452,0.131
275.5991332177073,r,18.235,0.112
275.6021326389164,r,17.861,0.098
276.56644571758807,r,18.212,0.114
276.5694379629567,r,18.084,0.136
276.57243773154914,r,18.083,0.115
276.5754299769178,r,18.232,0.116
276.5784293981269,r,18.669,0.172
276.5814336803742,r,18.409,0.156
282.5707542821765,r,18.916,0.208
282.57374861091375,r,18.985,0.228
282.5767424767837,r,18.843,0.185
290.5742585649714,r,20.178,0.698
290.5772568285465,r,20.331,0.616
290.5802620369941,r,19.757,0.362
193.63736712979153,i,16.394,0.041
193.63921319460496,i,16.387,0.04
193.64106655074283,i,16.324,0.039
195.63738645846024,i,16.283,0.039
195.63923182850704,i,16.282,0.038
195.6410828703083,i,16.264,0.038
196.6392387729138,i,16.292,0.038
196.64109571743757,i,16.281,0.038
196.64294456038624,i,16.259,0.038
197.62835370376706,i,16.287,0.039
197.63019907427952,i,16.29,0.039
197.63206655113026,i,16.306,0.04
198.62335775466636,i,16.388,0.04
198.62520671309903,i,16.371,0.04
198.62725196778774,i,16.39,0.041
201.61655057873577,i,16.412,0.042
201.61838217591867,i,16.428,0.042
201.62025046302006,i,16.398,0.041
204.61630868073553,i,16.483,0.042
204.61814965261146,i,16.457,0.041
204.61999641219154,i,16.473,0.042
204.73439722228795,i,16.492,0.042
204.73624467570335,i,16.518,0.043
204.7380984951742,i,16.519,0.043
205.6165237268433,i,16.626,0.045
205.61835243040696,i,16.555,0.044
205.6202590279281,i,16.635,0.046
205.734416319523,i,16.551,0.045
205.7362520834431,i,16.519,0.045
205.73809456033632,i,16.566,0.045
206.6957776620984,i,16.587,0.045
206.69761793967336,i,16.571,0.045
206.69946539355442,i,16.658,0.047
206.7838108795695,i,16.916,0.071
206.78565428219736,i,16.992,0.066
206.7874971064739,i,16.732,0.059
207.60247129620984,i,16.598,0.046
207.60431944439188,i,16.589,0.045
207.60616481490433,i,16.58,0.045
207.6907592592761,i,16.482,0.103
207.692590856459,i,16.251,0.063
210.61713055567816,i,16.443,0.044
210.6189660881646,i,16.478,0.045
210.62087175948545,i,16.474,0.044
213.61712662037462,i,16.591,0.046
213.61896249977872,i,16.594,0.047
213.62087743077427,i,16.602,0.047
214.61726053245366,i,16.811,0.104
214.61911423597485,i,16.598,0.071
214.62096678232774,i,16.505,0.062
214.73013333324343,i,16.384,0.064
214.73198796296492,i,16.591,0.073
214.73383622663096,i,16.369,0.061
215.62479803245515,i,16.797,0.068
215.62663958314806,i,16.708,0.064
215.62853252328932,i,16.761,0.069
215.63038217602298,i,16.774,0.072
215.6322288196534,i,16.81,0.077
221.6100461804308,i,16.595,0.046
221.61209155106917,i,16.558,0.046
221.61394699057564,i,16.615,0.048
221.61579004628584,i,16.563,0.045
221.61770231463015,i,16.59,0.046
221.67994293989614,i,16.567,0.046
221.681796874851,i,16.492,0.045
221.6836508102715,i,16.545,0.045
221.685505555477,i,16.583,0.046
221.68756828689948,i,16.517,0.044
222.60745601868257,i,16.58,0.045
222.60949270846322,i,16.568,0.044
222.61132719926536,i,16.567,0.044
222.61317569436505,i,16.574,0.044
222.61508669005707,i,16.596,0.045
222.68013773160055,i,16.659,0.048
222.68200613418594,i,16.602,0.046
222.68384780082852,i,16.609,0.047
222.68588298605755,i,16.595,0.047
222.68773692147806,i,16.571,0.046
223.6617384259589,i,16.63,0.05
223.6636438658461,i,16.622,0.054
223.6654905094765,i,16.642,0.059
223.6673321761191,i,16.619,0.052
225.59676111117005,i,16.711,0.049
225.59861006960273,i,16.717,0.047
225.60048344917595,i,16.767,0.049
225.60231504635885,i,16.778,0.049
225.60428750002757,i,16.719,0.048
225.6590487267822,i,16.797,0.049
225.660893865861,i,16.712,0.049
225.66278854152188,i,16.691,0.048
225.66464097239077,i,16.73,0.048
225.6665981481783,i,16.746,0.049
227.60334618063644,i,16.821,0.05
227.60520798619837,i,16.788,0.048
227.60709953680634,i,16.74,0.047
227.60894768498838,i,16.77,0.048
227.61080601857975,i,16.738,0.048
228.64302175911143,i,16.802,0.049
228.64493344910443,i,16.768,0.048
228.64678298588842,i,16.835,0.049
228.64862893521786,i,16.869,0.05
228.650535648223,i,16.785,0.048
228.69561030110344,i,16.796,0.049
228.6974569442682,i,16.843,0.05
228.69936724519357,i,16.8,0.049
228.7012226851657,i,16.817,0.049
228.7030679397285,i,16.786,0.049
229.59728333353996,i,16.843,0.051
229.59913506964222,i,16.912,0.052
229.6009768517688,i,16.855,0.051
229.60294629633427,i,16.9,0.052
229.60479097208008,i,16.767,0.048
229.65916215255857,i,16.838,0.051
229.66101828683168,i,16.834,0.051
229.66298865759745,i,16.778,0.049
229.66484270850196,i,16.74,0.048
229.66672048624605,i,16.765,0.048
230.65900138905272,i,16.831,0.049
230.66083229146898,i,16.875,0.051
230.6626746528782,i,16.846,0.05
230.66451701382175,i,16.807,0.048
230.6663608797826,i,16.821,0.049
231.5867668981664,i,16.868,0.051
231.58862881921232,i,16.868,0.053
231.5904807872139,i,16.838,0.052
231.5923348381184,i,16.868,0.053
231.59418796282262,i,16.847,0.051
232.64193877298385,i,16.792,0.049
232.6443850696087,i,16.806,0.05
232.64700960647315,i,16.786,0.05
232.64943622704595,i,16.763,0.049
233.57964849518612,i,16.682,0.046
233.58207511575893,i,16.585,0.044
233.58449745364487,i,16.587,0.044
233.5869236108847,i,16.699,0.047
235.6541151618585,i,16.805,0.051
235.6567204860039,i,16.803,0.05
235.65913483779877,i,16.757,0.049
235.66157060163096,i,16.771,0.049
236.66767557850108,i,16.79,0.048
236.6701130787842,i,16.751,0.047
236.672539814841,i,16.721,0.047
236.67496284702793,i,16.743,0.049
237.69691967591643,i,16.772,0.049
237.69933692133054,i,16.794,0.05
237.70177002297714,i,16.869,0.053
237.70420185197145,i,16.843,0.052
238.6556401620619,i,16.794,0.049
238.65806608786806,i,16.605,0.046
238.6604826389812,i,16.829,0.05
238.66296064807102,i,16.831,0.051
240.59839097224176,i,16.836,0.05
240.6008609952405,i,16.839,0.05
240.6032746527344,i,16.844,0.049
240.60576562490314,i,16.808,0.049
240.6081915507093,i,16.839,0.049
240.61068310169503,i,16.882,0.05
240.67016307869926,i,16.779,0.05
240.67261840263382,i,16.871,0.052
240.6750320601277,i,16.939,0.053
240.67745081009343,i,16.866,0.052
240.67987094912678,i,16.905,0.054
240.6822971063666,i,16.878,0.052
241.6048386571929,i,16.834,0.066
241.6072725695558,i,16.775,0.077
241.6097122686915,i,16.915,0.096
241.61214548628777,i,16.395,0.084
241.6147607639432,i,16.351,0.097
241.6171781248413,i,16.455,0.143
247.63436076371,i,16.784,0.051
247.63678680546582,i,16.729,0.049
247.6392576387152,i,16.753,0.05
247.641684953589,i,16.862,0.054
247.64411307871342,i,16.783,0.05
247.64660185202956,i,16.845,0.051
248.62048749998212,i,16.609,0.047
248.622922106646,i,16.879,0.053
248.62535023130476,i,16.754,0.049
248.6277761575766,i,16.749,0.05
248.63020949065685,i,16.786,0.051
248.63263622671366,i,16.797,0.052
249.59891712944955,i,16.819,0.051
249.60136261582375,i,16.859,0.052
249.60378206009045,i,16.714,0.05
249.60619571758434,i,16.777,0.049
249.6086771991104,i,16.747,0.05
249.6111028934829,i,16.781,0.05
250.60328275477514,i,16.887,0.055
250.60570219904184,i,16.907,0.054
250.60817083343863,i,16.838,0.055
250.61059097200632,i,16.903,0.054
250.61300231469795,i,16.915,0.06
250.61542106466368,i,16.874,0.056
251.63565798616037,i,17.056,0.116
251.63813009252772,i,17.002,0.093
251.64054456027225,i,17.122,0.085
251.6429762733169,i,16.889,0.068
251.6455895830877,i,16.906,0.066
251.64802326401696,i,16.727,0.062
252.6026763888076,i,16.94,0.053
252.60510358819738,i,16.914,0.053
252.6075319442898,i,17.016,0.055
252.6099449074827,i,16.996,0.055
252.61235358798876,i,16.956,0.054
252.61483078682795,i,16.934,0.054
253.59036828717217,i,17.041,0.059
253.59279641183093,i,17.025,0.057
253.5952241900377,i,16.954,0.054
253.59765127301216,i,17.041,0.057
253.6002646991983,i,16.89,0.054
253.60269930539653,i,16.905,0.054
254.58372777793556,i,17.059,0.057
254.58615358779207,i,17.016,0.057
254.58877627318725,i,16.954,0.054
254.59120347211137,i,16.973,0.054
254.59361932892352,i,16.974,0.055
254.59602569462731,i,16.935,0.053
255.58374050911516,i,17.169,0.127
255.586176388897,i,17.315,0.156
255.58858148148283,i,17.275,0.146
255.59118831017986,i,16.765,0.078
255.5936091435142,i,16.98,0.083
255.59604016225785,i,16.963,0.083
256.5837506945245,i,17.034,0.057
256.58620555559173,i,17.057,0.057
256.5886266203597,i,17.059,0.061
256.5910518518649,i,17.07,0.06
256.59347361093387,i,17.128,0.06
256.5959499999881,i,17.061,0.06
257.59369513904676,i,16.995,0.055
257.59618599526584,i,17.044,0.056
257.59879756951705,i,16.989,0.054
257.6012150463648,i,16.988,0.054
257.6036487268284,i,16.948,0.054
257.606134143658,i,16.952,0.053
259.608803472016,i,16.815,0.05
259.6114199073054,i,16.764,0.049
259.61385474540293,i,16.82,0.051
259.6162805557251,i,16.818,0.051
259.61870717583224,i,16.821,0.051
259.6211418979801,i,16.88,0.058
263.60800381936133,i,16.54,0.043
263.6104312501848,i,16.558,0.044
263.6128369211219,i,16.655,0.046
263.6152773150243,i,16.702,0.047
263.617696759291,i,16.656,0.046
263.62012546276674,i,16.684,0.047
264.59617326408625,i,16.851,0.053
264.5987964118831,i,16.675,0.049
264.6012223381549,i,16.844,0.058
264.6036418983713,i,16.781,0.052
264.60613287054,i,16.779,0.052
264.6085587963462,i,16.864,0.054
265.5963135417551,i,16.851,0.054
265.59874675935134,i,16.929,0.056
265.60115891182795,i,16.927,0.055
265.60358344903216,i,16.905,0.059
265.60600648168474,i,16.947,0.055
265.608439120464,i,16.929,0.054
266.5964390048757,i,16.95,0.053
266.59886134276167,i,16.96,0.053
266.60128738405183,i,17.008,0.056
266.60370393516496,i,17.025,0.056
266.60613854182884,i,17.081,0.058
266.6085519674234,i,17.123,0.065
267.58623680565506,i,17.088,0.061
267.5886693284847,i,17.131,0.059
267.59109965292737,i,17.129,0.059
267.5935299769044,i,17.175,0.063
267.5960064814426,i,17.174,0.062
267.5984339118004,i,17.198,0.065
270.6031068288721,i,17.39,0.07
270.60553923621774,i,17.455,0.074
270.60801724530756,i,17.503,0.077
271.58874155115336,i,17.612,0.082
271.5911696758121,i,17.7,0.087
271.59360208315775,i,17.692,0.088
271.59601724520326,i,17.816,0.103
271.5984388887882,i,17.686,0.087
272.5883873840794,i,17.676,0.101
272.5908134258352,i,17.732,0.109
272.59322060178965,i,18.177,0.177
272.5956534720026,i,18.087,0.148
272.5980796297081,i,18.059,0.148
273.58832835638896,i,17.73,0.088
273.59076307853684,i,17.618,0.086
273.59317812509835,i,17.724,0.089
273.59579618042335,i,17.56,0.08
273.59822870371863,i,17.477,0.081
279.34590855333954,r,18.362,0.054
284.34014984965324,r,18.691,0.03
