"Obj. ID","IAU name","Internal name/s","Obj. RA","Obj. DEC","Obj. Type","Redshift","Spec. ID","Obs-date","JD","From","Telescope","Instrument","Observer/s","Reducer/s","Source group","Public","Associated groups","End prop. period","Ascii file","Fits file","Spec. type","Spec. quality","Extinction-Corrected","WL Medium","WL Units","Flux Unit Coefficient","Spec. units","Flux Calibrated By","Exp-time","Aperture (slit)","HA","Airmass","Dichroic","Grism","Grating","Blaze","Lambda-min","Lambda-max","Del-Lambda","Contrib","Publish","Remarks","Created by","Creation date"
"6334","2002ap","","24.09938","15.75367","SN Ic-BL","0.002108","19043","2002-01-31 16:39:56.00","2452306.1943981","","Wise1m","FOSC","Dann, J.","Shemmer, O","","Y","","","SN2002ap_2002-01-31_16-39-56_Wise1m_FOSC_None.ASC","","Object","High","","Air","Angstrom","1","Other","","1200","0","","","","","","","3978","7812","0.99973924380704","Gal-Yam et al. 2002","2002MNRAS.332L..73G","[Data obtained from:Gal-Yam, A.] [Prev. spec info - createdby: ilanm-UploadSet; modifiedby: ilanm]"," Migration From WISeREP1.0","2011-07-21 07:54:18"
"6334","2002ap","","24.09938","15.75367","SN Ic-BL","0.002108","19044","2002-02-01 00:00:00.00","2452306.5","","HST","STIS","Service","Unknown","","Y","","","SN2002ap_2002-02-01_00-00-00_HST_STIS_None.dat","","Object","","","Air","Angstrom","1","Other","","200","1","","","","","G230LB+G430L","","2251.528578639","5711.7449713349","0.58518795749973","Chornock et al. 2013","2013ApJ...767..162C","From proposal 9114, PI - Kirshner [Prev. spec info - createdby: ofer; modifiedby: ofer]"," Migration From WISeREP1.0","2011-07-21 07:54:18"
"6334","2002ap","","24.09938","15.75367","SN Ic-BL","0.002108","19036","2002-02-02 00:00:00.00","2452307.5","","Wise1m","FOSC","Unknown","Unknown","SUSPECT","Y","SUSPECT","","2002ap_2002-02-02_00-00-00_Wise1m_FOSC_SUSPECT.dat","","Object","","","Air","Angstrom","1","Other","","0","0","","","","","","","4000","7498.6659193039","3.6031574864098","","","Please note that the spectrum may have been erroneously corrected for redshift. Check e.g. Telluric/Balmer lines or check against the original source;  [Prev. spec info - createdby: upload-suspect; modifiedby: admin]"," Migration From WISeREP1.0","2011-07-21 07:54:18"
"6334","2002ap","","24.09938","15.75367","SN Ic-BL","0.002108","19037","2002-02-03 00:00:00.00","2452308.5","","Wise1m","FOSC","Unknown","Unknown","SUSPECT","Y","SUSPECT","","2002ap_2002-02-03_00-00-00_Wise1m_FOSC_SUSPECT.dat","","Object","","","Air","Angstrom","1","Other","","0","0","","","","","","","4000","7499.7054071427","3.6005199661962","","","Please note that the spectrum may have been erroneously corrected for redshift. Check e.g. Telluric/Balmer lines or check against the original source;  [Prev. spec info - createdby: upload-suspect; modifiedby: admin]"," Migration From WISeREP1.0","2011-07-21 07:54:18"
"6334","2002ap","","24.09938","15.75367","SN Ic-BL","0.002108","19064","2002-02-06 02:38:24.00","2452311.61","","FLWO-1.5m","FAST","LM","Unknown","CfA-Stripped","Y","CfA-Stripped","","SN2002ap_2002-02-06_02-38-24_FLWO-1.5m_FAST_CfA-Stripped.flm","","Object","","","Air","Angstrom","1","Other","","1800","3","","1.29","","","","","3481","9300","1.4997422680412","Modjaz et al. 2014","2014AJ....147...99M","For additional info see related file and the &lt;a href=http://www.cfa.harvard.edu/supernova/SNarchive.html&gt;CfA SN Data Archive&lt;/a&gt; [Data obtained from:Modjaz, M.] [Prev. spec info - createdby: ilanm-UploadSet; modifiedby: ilanm-UploadSet]"," Migration From WISeREP1.0","2011-07-21 07:54:18"
"6334","2002ap","","24.09938","15.75367","SN Ic-BL","0.002108","19065","2002-02-07 02:09:36.00","2452312.59","","FLWO-1.5m","FAST","LM","Unknown","CfA-Stripped","Y","CfA-Stripped","","SN2002ap_2002-02-07_02-09-36_FLWO-1.5m_FAST_CfA-Stripped.flm","","Object","","","Air","Angstrom","1","Other","","1800","3","","1.22","","","","","3720","7540.5","1.4994113029827","Modjaz et al. 2014","2014AJ....147...99M","For additional info see related file and the &lt;a href=http://www.cfa.harvard.edu/supernova/SNarchive.html&gt;CfA SN Data Archive&lt;/a&gt; [Data obtained from:Modjaz, M.] [Prev. spec info - createdby: ilanm-UploadSet; modifiedby: ilanm-UploadSet]"," Migration From WISeREP1.0","2011-07-21 07:54:18"
"6334","2002ap","","24.09938","15.75367","SN Ic-BL","0.002108","19045","2002-02-07 16:52:41.00","2452313.2032523","","Wise1m","FOSC","Dann, J.","Shemmer, O","","Y","","","SN2002ap_2002-02-07_16-52-41_Wise1m_FOSC_None.ASC","","Object","High","","Air","Angstrom","1","Other","","1200","0","","","","","","","3989","7821","0.9997391077485","Gal-Yam et al. 2002","2002MNRAS.332L..73G","[Data obtained from:Gal-Yam, A.] [Prev. spec info - createdby: ilanm-UploadSet; modifiedby: ilanm]"," Migration From WISeREP1.0","2011-07-21 07:54:18"
"6334","2002ap","","24.09938","15.75367","SN Ic-BL","0.002108","19066","2002-02-08 01:55:12.00","2452313.58","","FLWO-1.5m","FAST","LM","Unknown","CfA-Stripped","Y","CfA-Stripped","","SN2002ap_2002-02-08_01-55-12_FLWO-1.5m_FAST_CfA-Stripped.flm","","Object","","","Air","Angstrom","1","Other","","1800","3","","1.19","","","","","3720","7540.5","1.4994113029827","Modjaz et al. 2014","2014AJ....147...99M","For additional info see related file and the &lt;a href=http://www.cfa.harvard.edu/supernova/SNarchive.html&gt;CfA SN Data Archive&lt;/a&gt; [Data obtained from:Modjaz, M.] [Prev. spec info - createdby: ilanm-UploadSet; modifiedby: ilanm-UploadSet]"," Migration From WISeREP1.0","2011-07-21 07:54:18"
"6334","2002ap","","24.09938","15.75367","SN Ic-BL","0.002108","19067","2002-02-09 02:38:24.00","2452314.61","","FLWO-1.5m","FAST","LM","Unknown","CfA-Stripped","Y","CfA-Stripped","","SN2002ap_2002-02-09_02-38-24_FLWO-1.5m_FAST_CfA-Stripped.flm","","Object","","","Air","Angstrom","1","Other","","1800","3","","1.39","","","","","3720","7540.5","1.4994113029827","Modjaz et al. 2014","2014AJ....147...99M","For additional info see related file and the &lt;a href=http://www.cfa.harvard.edu/supernova/SNarchive.html&gt;CfA SN Data Archive&lt;/a&gt; [Data obtained from:Modjaz, M.] [Prev. spec info - createdby: ilanm-UploadSet; modifiedby: ilanm-UploadSet]"," Migration From WISeREP1.0","2011-07-21 07:54:18"
"6334","2002ap","","24.09938","15.75367","SN Ic-BL","0.002108","19038","2002-02-10 00:00:00.00","2452315.5","","Wise1m","FOSC","Unknown","Unknown","SUSPECT","Y","SUSPECT","","2002ap_2002-02-10_00-00-00_Wise1m_FOSC_SUSPECT.dat","","Object","","","Air","Angstrom","1","Other","","0","0","","","","","","","4035.6560058594","7699.203704834","3.6023084552356","","","Please note that the spectrum may have been erroneously corrected for redshift. Check e.g. Telluric/Balmer lines or check against the original source;  [Prev. spec info - createdby: upload-suspect; modifiedby: admin]"," Migration From WISeREP1.0","2011-07-21 07:54:18"
"6334","2002ap","","24.09938","15.75367","SN Ic-BL","0.002108","19046","2002-02-11 00:00:00.00","2452316.5","","Lick-3m","KAST","Filippenko, Chornock","Unknown","","Y","","","SN2002ap_2002-02-11_00-00-00_Lick-3m_KAST_None.flm","","Object","High","","Air","Angstrom","1","Other","","400","0","","","","","","","3300","10400","1.9994367783723","Foley et al. 2003","2003PASP..115.1220F","[Data obtained from:Foley, R.] [Prev. spec info - createdby: ilanm-UploadSet; modifiedby: ilanm]"," Migration From WISeREP1.0","2011-07-21 07:54:18"
"6334","2002ap","","24.09938","15.75367","SN Ic-BL","0.002108","49396","2002-02-11 00:00:00.00","2452316.5","","Lick-3m","KAST","Alex Filippenko, Ryan Chornock","Ryan Foley","UCB-SNDB","Y","UCB-SNDB","","SN_2002ap_2002-02-11_00-00-00_Lick-3m_KAST_UCB-SNDB_0.flm","","Object","","","Air","Angstrom","1","erg cm(-2) sec(-1) Ang(-1)","","","","","","","","","","3300","10400","1.9994367783723","","2003PASP..115.1220F","SNR: 127.288;","WIS_Bot1","2019-01-23 10:48:35"
"6334","2002ap","","24.09938","15.75367","SN Ic-BL","0.002108","19068","2002-02-12 02:52:48.00","2452317.62","","FLWO-1.5m","FAST","MC","Unknown","CfA-Stripped","Y","CfA-Stripped","","SN2002ap_2002-02-12_02-52-48_FLWO-1.5m_FAST_CfA-Stripped.flm","","Object","","","Air","Angstrom","1","Other","","480","3","","1.5","","","","","3720","7540.5","1.4994113029827","Modjaz et al. 2014","2014AJ....147...99M","For additional info see related file and the &lt;a href=http://www.cfa.harvard.edu/supernova/SNarchive.html&gt;CfA SN Data Archive&lt;/a&gt; [Data obtained from:Modjaz, M.] [Prev. spec info - createdby: ilanm-UploadSet; modifiedby: ilanm-UploadSet]"," Migration From WISeREP1.0","2011-07-21 07:54:18"
"6334","2002ap","","24.09938","15.75367","SN Ic-BL","0.002108","19069","2002-02-13 02:24:00.00","2452318.6","","FLWO-1.5m","FAST","MC","Unknown","CfA-Stripped","Y","CfA-Stripped","","SN2002ap_2002-02-13_02-24-00_FLWO-1.5m_FAST_CfA-Stripped.flm","","Object","","","Air","Angstrom","1","Other","","720","3","","1.38","","","","","3720","7540.5","1.4994113029827","Modjaz et al. 2014","2014AJ....147...99M","For additional info see related file and the &lt;a href=http://www.cfa.harvard.edu/supernova/SNarchive.html&gt;CfA SN Data Archive&lt;/a&gt; [Data obtained from:Modjaz, M.] [Prev. spec info - createdby: ilanm-UploadSet; modifiedby: ilanm-UploadSet]"," Migration From WISeREP1.0","2011-07-21 07:54:18"
"6334","2002ap","","24.09938","15.75367","SN Ic-BL","0.002108","19047","2002-02-14 00:00:00.00","2452319.5","","Keck1","LRIS","Filippenko, Barth","Unknown","","Y","","","SN2002ap_2002-02-14_00-00-00_Keck1_LRIS_None.flm","","Object","High","","Air","Angstrom","1","Other","","4400","0","","","","D680","","","3400","10100","1.9994031632349","Foley et al. 2003","2003PASP..115.1220F","[Data obtained from:Foley, R.] [Prev. spec info - createdby: ilanm-UploadSet; modifiedby: ilanm]"," Migration From WISeREP1.0","2011-07-21 07:54:18"
"6334","2002ap","","24.09938","15.75367","SN Ic-BL","0.002108","49390","2002-02-14 00:00:00.00","2452319.5","","Keck1","LRIS","Alex Filippenko, Aaron Barth","Douglas Leonard","UCB-SNDB","Y","UCB-SNDB","","SN_2002ap_2002-02-14_00-00-00_Keck1_LRIS_UCB-SNDB_0.flm","","Object","","","Air","Angstrom","1","erg cm(-2) sec(-1) Ang(-1)","","","","","","","","","","3400","10100","1.9994031632349","","2003PASP..115.1220F","SNR: 211.182;","WIS_Bot1","2019-01-23 10:48:35"
"6334","2002ap","","24.09938","15.75367","SN Ic-BL","0.002108","19070","2002-02-14 02:24:00.00","2452319.6","","FLWO-1.5m","FAST","PBe","Unknown","CfA-Stripped","Y","CfA-Stripped","","SN2002ap_2002-02-14_02-24-00_FLWO-1.5m_FAST_CfA-Stripped.flm","","Object","","","Air","Angstrom","1","Other","","1200","3","","1.42","","","","","3720","7540.5","1.4994113029827","Modjaz et al. 2014","2014AJ....147...99M","For additional info see related file and the &lt;a href=http://www.cfa.harvard.edu/supernova/SNarchive.html&gt;CfA SN Data Archive&lt;/a&gt; [Data obtained from:Modjaz, M.] [Prev. spec info - createdby: ilanm-UploadSet; modifiedby: ilanm-UploadSet]"," Migration From WISeREP1.0","2011-07-21 07:54:18"
"6334","2002ap","","24.09938","15.75367","SN Ic-BL","0.002108","19048","2002-02-14 17:27:54.00","2452320.2277083","","Wise1m","FOSC","Dann, J.","Shemmer, O","","Y","","","SN2002ap_2002-02-14_17-27-54_Wise1m_FOSC_None.ASC","","Object","High","","Air","Angstrom","1","Other","","1200","0","","","","","","","3989","7821","0.9997391077485","Gal-Yam et al. 2002","2002MNRAS.332L..73G","[Data obtained from:Gal-Yam, A.] [Prev. spec info - createdby: ilanm-UploadSet; modifiedby: ilanm]"," Migration From WISeREP1.0","2011-07-21 07:54:18"
"6334","2002ap","","24.09938","15.75367","SN Ic-BL","0.002108","19039","2002-02-15 00:00:00.00","2452320.5","","Wise1m","FOSC","Unknown","Unknown","SUSPECT","Y","SUSPECT","","2002ap_2002-02-15_00-00-00_Wise1m_FOSC_SUSPECT.dat","","Object","","","Air","Angstrom","1","Other","","0","0","","","","","","","4030.8745117187","7708.0579442977","3.6015508644261","","","Please note that the spectrum may have been erroneously corrected for redshift. Check e.g. Telluric/Balmer lines or check against the original source;  [Prev. spec info - createdby: upload-suspect; modifiedby: admin]"," Migration From WISeREP1.0","2011-07-21 07:54:18"
"6334","2002ap","","24.09938","15.75367","SN Ic-BL","0.002108","19071","2002-02-15 02:09:36.00","2452320.59","","FLWO-1.5m","FAST","PBe","Unknown","CfA-Stripped","Y","CfA-Stripped","","SN2002ap_2002-02-15_02-09-36_FLWO-1.5m_FAST_CfA-Stripped.flm","","Object","","","Air","Angstrom","1","Other","","1080","3","","1.38","","","","","3720","7540.5","1.4994113029827","Modjaz et al. 2014","2014AJ....147...99M","For additional info see related file and the &lt;a href=http://www.cfa.harvard.edu/supernova/SNarchive.html&gt;CfA SN Data Archive&lt;/a&gt; [Data obtained from:Modjaz, M.] [Prev. spec info - createdby: ilanm-UploadSet; modifiedby: ilanm-UploadSet]"," Migration From WISeREP1.0","2011-07-21 07:54:18"
"6334","2002ap","","24.09938","15.75367","SN Ic-BL","0.002108","19040","2002-02-17 00:00:00.00","2452322.5","","Wise1m","FOSC","Unknown","Unknown","SUSPECT","Y","SUSPECT","","2002ap_2002-02-17_00-00-00_Wise1m_FOSC_SUSPECT.dat","","Object","","","Air","Angstrom","1","Other","","0","0","","","","","","","4034.2111816406","7700.6283481121","3.6015885721724","","","Please note that the spectrum may have been erroneously corrected for redshift. Check e.g. Telluric/Balmer lines or check against the original source;  [Prev. spec info - createdby: upload-suspect; modifiedby: admin]"," Migration From WISeREP1.0","2011-07-21 07:54:18"
"6334","2002ap","","24.09938","15.75367","SN Ic-BL","0.002108","19072","2002-02-20 02:09:36.00","2452325.59","","FLWO-1.5m","FAST","MC","Unknown","CfA-Stripped","Y","CfA-Stripped","","SN2002ap_2002-02-20_02-09-36_FLWO-1.5m_FAST_CfA-Stripped.flm","","Object","","","Air","Angstrom","1","Other","","720","3","","1.5","","","","","3720","7540.5","1.4994113029827","Modjaz et al. 2014","2014AJ....147...99M","For additional info see related file and the &lt;a href=http://www.cfa.harvard.edu/supernova/SNarchive.html&gt;CfA SN Data Archive&lt;/a&gt; [Data obtained from:Modjaz, M.] [Prev. spec info - createdby: ilanm-UploadSet; modifiedby: ilanm-UploadSet]"," Migration From WISeREP1.0","2011-07-21 07:54:18"
"6334","2002ap","","24.09938","15.75367","SN Ic-BL","0.002108","19049","2002-02-21 00:00:00.00","2452326.5","","Lick-3m","KAST","Li, Chornock","Unknown","","Y","","","SN2002ap_2002-02-21_00-00-00_Lick-3m_KAST_None.flm","","Object","High","","Air","Angstrom","1","Other","","1200","0","","","","","","","3894","10400","1.99938537185","Foley et al. 2003","2003PASP..115.1220F","[Data obtained from:Foley, R.] [Prev. spec info - createdby: ilanm-UploadSet; modifiedby: ilanm]"," Migration From WISeREP1.0","2011-07-21 07:54:18"
"6334","2002ap","","24.09938","15.75367","SN Ic-BL","0.002108","49399","2002-02-21 00:00:00.00","2452326.5","","Lick-3m","KAST","Weidong Li, Ryan Chornock","Ryan Foley","UCB-SNDB","Y","UCB-SNDB","","SN_2002ap_2002-02-21_00-00-00_Lick-3m_KAST_UCB-SNDB_0.flm","","Object","","","Air","Angstrom","1","erg cm(-2) sec(-1) Ang(-1)","","","","","","","","","","3894","10400","1.99938537185","","2003PASP..115.1220F","SNR: 24.4144;","WIS_Bot1","2019-01-23 10:48:35"
"6334","2002ap","","24.09938","15.75367","SN Ic-BL","0.002108","19050","2002-02-21 16:53:40.00","2452327.2039352","","Wise1m","FOSC","Dann, J.","Shemmer, O","","Y","","","SN2002ap_2002-02-21_16-53-40_Wise1m_FOSC_None.ASC","","Object","High","","Air","Angstrom","1","Other","","1200","0","","","","","","","3989","7820","0.99973903966597","Gal-Yam et al. 2002","2002MNRAS.332L..73G","[Data obtained from:Gal-Yam, A.] [Prev. spec info - createdby: ilanm-UploadSet; modifiedby: ilanm]"," Migration From WISeREP1.0","2011-07-21 07:54:18"
"6334","2002ap","","24.09938","15.75367","SN Ic-BL","0.002108","19041","2002-02-24 00:00:00.00","2452329.5","","Wise1m","FOSC","Unknown","Unknown","SUSPECT","Y","SUSPECT","","2002ap_2002-02-24_00-00-00_Wise1m_FOSC_SUSPECT.dat","","Object","","","Air","Angstrom","1","Other","","0","0","","","","","","","4058.9479915574","7699.9757239228","3.6014121981853","","","Please note that the spectrum may have been erroneously corrected for redshift. Check e.g. Telluric/Balmer lines or check against the original source;  [Prev. spec info - createdby: upload-suspect; modifiedby: admin]"," Migration From WISeREP1.0","2011-07-21 07:54:18"
"6334","2002ap","","24.09938","15.75367","SN Ic-BL","0.002108","19042","2002-02-26 00:00:00.00","2452331.5","","Wise1m","FOSC","Unknown","Unknown","SUSPECT","Y","SUSPECT","","2002ap_2002-02-26_00-00-00_Wise1m_FOSC_SUSPECT.dat","","Object","","","Air","Angstrom","1","Other","","0","0","","","","","","","4051.1079101562","7701.7027862072","3.6001921854546","","","Please note that the spectrum may have been erroneously corrected for redshift. Check e.g. Telluric/Balmer lines or check against the original source;  [Prev. spec info - createdby: upload-suspect; modifiedby: admin]"," Migration From WISeREP1.0","2011-07-21 07:54:18"
"6334","2002ap","","24.09938","15.75367","SN Ic-BL","0.002108","19051","2002-02-27 17:15:54.00","2452333.219375","","Wise1m","FOSC","Dann, J.","Shemmer, O","","Y","","","SN2002ap_2002-02-27_17-15-54_Wise1m_FOSC_None.ASC","","Object","High","","Air","Angstrom","1","Other","","2700","0","","","","","","","3989","7800","0.99973767051417","Gal-Yam et al. 2002","2002MNRAS.332L..73G","[Data obtained from:Gal-Yam, A.] [Prev. spec info - createdby: ilanm-UploadSet; modifiedby: ilanm]"," Migration From WISeREP1.0","2011-07-21 07:54:18"
"6334","2002ap","","24.09938","15.75367","SN Ic-BL","0.002108","19073","2002-03-06 02:24:00.00","2452339.6","","FLWO-1.5m","FAST","PBe","Unknown","CfA-Stripped","Y","CfA-Stripped","","SN2002ap_2002-03-06_02-24-00_FLWO-1.5m_FAST_CfA-Stripped.flm","","Object","","","Air","Angstrom","1","Other","","900","3","","2.08","","","","","3720","7540.5","1.4994113029827","Modjaz et al. 2014","2014AJ....147...99M","For additional info see related file and the &lt;a href=http://www.cfa.harvard.edu/supernova/SNarchive.html&gt;CfA SN Data Archive&lt;/a&gt; [Data obtained from:Modjaz, M.] [Prev. spec info - createdby: ilanm-UploadSet; modifiedby: ilanm-UploadSet]"," Migration From WISeREP1.0","2011-07-21 07:54:18"
"6334","2002ap","","24.09938","15.75367","SN Ic-BL","0.002108","19052","2002-03-07 00:00:00.00","2452340.5","","Keck1","LRIS","Filippenko, Leonard, Moran","Unknown","","Y","","","SN2002ap_2002-03-07_00-00-00_Keck1_LRIS_None.flm","","Object","High","","Air","Angstrom","1","Other","","2140","0","","","","D680","","","3900","8800","1.9991840065279","Foley et al. 2003","2003PASP..115.1220F","[Data obtained from:Foley, R.] [Prev. spec info - createdby: ilanm-UploadSet; modifiedby: ilanm]"," Migration From WISeREP1.0","2011-07-21 07:54:18"
"6334","2002ap","","24.09938","15.75367","SN Ic-BL","0.002108","49391","2002-03-07 00:00:00.00","2452340.5","","Keck1","LRIS","Alex Filippenko, Douglas Leonard, Ed Moran","Douglas Leonard","UCB-SNDB","Y","UCB-SNDB","","SN_2002ap_2002-03-07_00-00-00_Keck1_LRIS_UCB-SNDB_0.flm","","Object","","","Air","Angstrom","1","erg cm(-2) sec(-1) Ang(-1)","","","","","","","","","","3900","8800","1.9991840065279","","2003PASP..115.1220F","SNR: 136.468;","WIS_Bot1","2019-01-23 10:48:35"
"6334","2002ap","","24.09938","15.75367","SN Ic-BL","0.002108","19074","2002-03-10 02:24:00.00","2452343.6","","FLWO-1.5m","FAST","VH","Unknown","CfA-Stripped","Y","CfA-Stripped","","SN2002ap_2002-03-10_02-24-00_FLWO-1.5m_FAST_CfA-Stripped.flm","","Object","","","Air","Angstrom","1","Other","","1200","3","","2.47","","","","","3720","7540.5","1.4994113029827","Modjaz et al. 2014","2014AJ....147...99M","For additional info see related file and the &lt;a href=http://www.cfa.harvard.edu/supernova/SNarchive.html&gt;CfA SN Data Archive&lt;/a&gt; [Data obtained from:Modjaz, M.] [Prev. spec info - createdby: ilanm-UploadSet; modifiedby: ilanm-UploadSet]"," Migration From WISeREP1.0","2011-07-21 07:54:18"
"6334","2002ap","","24.09938","15.75367","SN Ic-BL","0.002108","19053","2002-03-11 00:00:00.00","2452344.5","","Lick-3m","KAST","Li, Chornock","Unknown","","Y","","","SN2002ap_2002-03-11_00-00-00_Lick-3m_KAST_None.flm","","Object","High","","Air","Angstrom","1","Other","","1200","0","","","","","","","3300","10400","1.9994367783723","Foley et al. 2003","2003PASP..115.1220F","[Data obtained from:Foley, R.] [Prev. spec info - createdby: ilanm-UploadSet; modifiedby: ilanm]"," Migration From WISeREP1.0","2011-07-21 07:54:18"
"6334","2002ap","","24.09938","15.75367","SN Ic-BL","0.002108","49393","2002-03-11 00:00:00.00","2452344.5","","Lick-3m","KAST","Weidong Li, Ryan Chornock","Ryan Foley","UCB-SNDB","Y","UCB-SNDB","","SN_2002ap_2002-03-11_00-00-00_Lick-3m_KAST_UCB-SNDB_0.flm","","Object","","","Air","Angstrom","1","erg cm(-2) sec(-1) Ang(-1)","","","","","","","","","","3300","10400","1.9994367783723","","2003PASP..115.1220F","SNR: 23.2443;","WIS_Bot1","2019-01-23 10:48:35"
"6334","2002ap","","24.09938","15.75367","SN Ic-BL","0.002108","19075","2002-03-11 02:24:00.00","2452344.6","","FLWO-1.5m","FAST","VH","Unknown","CfA-Stripped","Y","CfA-Stripped","","SN2002ap_2002-03-11_02-24-00_FLWO-1.5m_FAST_CfA-Stripped.flm","","Object","","","Air","Angstrom","1","Other","","1200","3","","2.53","","","","","3720","7540.5","1.4994113029827","Modjaz et al. 2014","2014AJ....147...99M","For additional info see related file and the &lt;a href=http://www.cfa.harvard.edu/supernova/SNarchive.html&gt;CfA SN Data Archive&lt;/a&gt; [Data obtained from:Modjaz, M.] [Prev. spec info - createdby: ilanm-UploadSet; modifiedby: ilanm-UploadSet]"," Migration From WISeREP1.0","2011-07-21 07:54:18"
"6334","2002ap","","24.09938","15.75367","SN Ic-BL","0.002108","19054","2002-06-08 00:00:00.00","2452433.5","","Lick-3m","KAST","Filippenko, Chornock, Foley","Unknown","","Y","","","SN2002ap_2002-06-08_00-00-00_Lick-3m_KAST_None.flm","","Object","High","","Air","Angstrom","1","Other","","1200","0","","","","","","","3248","10400","1.9994408722393","Foley et al. 2003","2003PASP..115.1220F","[Data obtained from:Foley, R.] [Prev. spec info - createdby: ilanm-UploadSet; modifiedby: ilanm]"," Migration From WISeREP1.0","2011-07-21 07:54:18"
"6334","2002ap","","24.09938","15.75367","SN Ic-BL","0.002108","49392","2002-06-08 00:00:00.00","2452433.5","","Lick-3m","KAST","Alex Filippenko, Ryan Chornock, Ryan Foley","Ryan Foley","UCB-SNDB","Y","UCB-SNDB","","SN_2002ap_2002-06-08_00-00-00_Lick-3m_KAST_UCB-SNDB_0.flm","","Object","","","Air","Angstrom","1","erg cm(-2) sec(-1) Ang(-1)","","","","","","","","","","3248","10400","1.9994408722393","","2003PASP..115.1220F","SNR: 8.76623;","WIS_Bot1","2019-01-23 10:48:35"
"6334","2002ap","","24.09938","15.75367","SN Ic-BL","0.002108","19055","2002-06-17 00:00:00.00","2452442.5","","Lick-3m","KAST","Filippenko, Chornock, Foley","Unknown","","Y","","","SN2002ap_2002-06-17_00-00-00_Lick-3m_KAST_None.flm","","Object","High","","Air","Angstrom","1","Other","","500","0","","","","","","","4280","7040","1.9985517740768","Foley et al. 2003","2003PASP..115.1220F","[Data obtained from:Foley, R.] [Prev. spec info - createdby: ilanm-UploadSet; modifiedby: ilanm]"," Migration From WISeREP1.0","2011-07-21 07:54:18"
"6334","2002ap","","24.09938","15.75367","SN Ic-BL","0.002108","49394","2002-06-17 00:00:00.00","2452442.5","","Lick-3m","KAST","Alex Filippenko, Ryan Chornock, Ryan Foley","Ryan Foley","UCB-SNDB","Y","UCB-SNDB","","SN_2002ap_2002-06-17_00-00-00_Lick-3m_KAST_UCB-SNDB_0.flm","","Object","","","Air","Angstrom","1","erg cm(-2) sec(-1) Ang(-1)","","","","","","","","","","4280","7040","1.9985517740768","","2003PASP..115.1220F","SNR: 20.7565;","WIS_Bot1","2019-01-23 10:48:35"
"6334","2002ap","","24.09938","15.75367","SN Ic-BL","0.002108","19076","2002-07-07 11:02:24.00","2452462.96","","FLWO-1.5m","FAST","PBe","Unknown","CfA-Stripped","Y","CfA-Stripped","","SN2002ap_2002-07-07_11-02-24_FLWO-1.5m_FAST_CfA-Stripped.flm","","Object","","","Air","Angstrom","1","Other","","1200","3","","1.38","","","","","3720","7540.5","1.4994113029827","Modjaz et al. 2014","2014AJ....147...99M","For additional info see related file and the &lt;a href=http://www.cfa.harvard.edu/supernova/SNarchive.html&gt;CfA SN Data Archive&lt;/a&gt; [Data obtained from:Modjaz, M.] [Prev. spec info - createdby: ilanm-UploadSet; modifiedby: ilanm-UploadSet]"," Migration From WISeREP1.0","2011-07-21 07:54:18"
"6334","2002ap","","24.09938","15.75367","SN Ic-BL","0.002108","19056","2002-07-11 00:00:00.00","2452466.5","","Lick-3m","KAST","Filippenko, Chornock, Foley","Unknown","","Y","","","SN2002ap_2002-07-11_00-00-00_Lick-3m_KAST_None.flm","","Object","High","","Air","Angstrom","1","Other","","1400","0","","","","","","","3100","10400","1.9994522048754","Foley et al. 2003","2003PASP..115.1220F","[Data obtained from:Foley, R.] [Prev. spec info - createdby: ilanm-UploadSet; modifiedby: ilanm]"," Migration From WISeREP1.0","2011-07-21 07:54:18"
"6334","2002ap","","24.09938","15.75367","SN Ic-BL","0.002108","49398","2002-07-11 00:00:00.00","2452466.5","","Lick-3m","KAST","Alex Filippenko, Ryan Chornock, Ryan Foley, Eliot Quataert","Ryan Foley","UCB-SNDB","Y","UCB-SNDB","","SN_2002ap_2002-07-11_00-00-00_Lick-3m_KAST_UCB-SNDB_0.flm","","Object","","","Air","Angstrom","1","erg cm(-2) sec(-1) Ang(-1)","","","","","","","","","","3100","10400","1.9994522048754","","2003PASP..115.1220F","SNR: 20.0814;","WIS_Bot1","2019-01-23 10:48:35"
"6334","2002ap","","24.09938","15.75367","SN Ic-BL","0.002108","19077","2002-07-13 11:02:24.00","2452468.96","","FLWO-1.5m","FAST","PBe","Unknown","CfA-Stripped","Y","CfA-Stripped","","SN2002ap_2002-07-13_11-02-24_FLWO-1.5m_FAST_CfA-Stripped.flm","","Object","","","Air","Angstrom","1","Other","","1200","3","","1.29","","","","","3720","7540.5","1.4994113029827","Modjaz et al. 2014","2014AJ....147...99M","For additional info see related file and the &lt;a href=http://www.cfa.harvard.edu/supernova/SNarchive.html&gt;CfA SN Data Archive&lt;/a&gt; [Data obtained from:Modjaz, M.] [Prev. spec info - createdby: ilanm-UploadSet; modifiedby: ilanm-UploadSet]"," Migration From WISeREP1.0","2011-07-21 07:54:18"
"6334","2002ap","","24.09938","15.75367","SN Ic-BL","0.002108","19057","2002-08-09 00:00:00.00","2452495.5","","Lick-3m","KAST","Filippenko, Foley, Papenkova, Swift","Unknown","","Y","","","SN2002ap_2002-08-09_00-00-00_Lick-3m_KAST_None.flm","","Object","High","","Air","Angstrom","1","Other","","1200","0","","","","","","","3110","10400","1.9994514536478","Foley et al. 2003","2003PASP..115.1220F","[Data obtained from:Foley, R.] [Prev. spec info - createdby: ilanm-UploadSet; modifiedby: ilanm]"," Migration From WISeREP1.0","2011-07-21 07:54:18"
"6334","2002ap","","24.09938","15.75367","SN Ic-BL","0.002108","49397","2002-08-09 00:00:00.00","2452495.5","","Lick-3m","KAST","Alex Filippenko, Ryan Foley, Marina Papenkova, Brandon Swift","Ryan Foley","UCB-SNDB","Y","UCB-SNDB","","SN_2002ap_2002-08-09_00-00-00_Lick-3m_KAST_UCB-SNDB_0.flm","","Object","","","Air","Angstrom","1","erg cm(-2) sec(-1) Ang(-1)","","","","","","","","","","3110","10400","1.9994514536478","","2003PASP..115.1220F","SNR: 18.0864;","WIS_Bot1","2019-01-23 10:48:35"
"6334","2002ap","","24.09938","15.75367","SN Ic-BL","0.002108","19058","2002-10-01 00:00:00.00","2452548.5","","Lick-3m","KAST","Filippenko, Foley","Unknown","","Y","","","SN2002ap_2002-10-01_00-00-00_Lick-3m_KAST_None.flm","","Object","High","","Air","Angstrom","1","Other","","1800","0","","","","","","","3234","10400","1.9994419642857","Foley et al. 2003","2003PASP..115.1220F","[Data obtained from:Foley, R.] [Prev. spec info - createdby: ilanm-UploadSet; modifiedby: ilanm]"," Migration From WISeREP1.0","2011-07-21 07:54:18"
"6334","2002ap","","24.09938","15.75367","SN Ic-BL","0.002108","49395","2002-10-01 00:00:00.00","2452548.5","","Lick-3m","KAST","Alex Filippenko, Ryan Foley","Ryan Foley","UCB-SNDB","Y","UCB-SNDB","","SN_2002ap_2002-10-01_00-00-00_Lick-3m_KAST_UCB-SNDB_0.flm","","Object","","","Air","Angstrom","1","erg cm(-2) sec(-1) Ang(-1)","","","","","","","","","","3234","10400","1.9994419642857","","2003PASP..115.1220F","SNR: 8.84831;","WIS_Bot1","2019-01-23 10:48:35"
"6334","2002ap","","24.09938","15.75367","SN Ic-BL","0.002108","19059","2002-10-08 00:00:00.00","2452555.5","","Keck1","LRIS","Filippenko, Chornock","Unknown","","Y","","","SN2002ap_2002-10-08_00-00-00_Keck1_LRIS_None.flm","","Object","High","","Air","Angstrom","1","Other","","600","0","","","","","","","3094.5","9420.5","1.9993678887484","Foley et al. 2003","2003PASP..115.1220F","[Data obtained from:Foley, R.] [Prev. spec info - createdby: ilanm-UploadSet; modifiedby: ilanm]"," Migration From WISeREP1.0","2011-07-21 07:54:18"
"6334","2002ap","","24.09938","15.75367","SN Ic-BL","0.002108","49400","2002-10-08 00:00:00.00","2452555.5","","Keck1","LRIS","Alex Filippenko, Ryan Chornock","Ryan Chornock","UCB-SNDB","Y","UCB-SNDB","","SN_2002ap_2002-10-08_00-00-00_Keck1_LRIS_UCB-SNDB_0.flm","","Object","","","Air","Angstrom","1","erg cm(-2) sec(-1) Ang(-1)","","","","","","","","","","3094.5","9420.5","1.9993678887484","","2003PASP..115.1220F","SNR: 5.40805;","WIS_Bot1","2019-01-23 10:48:35"
"6334","2002ap","","24.09938","15.75367","SN Ic-BL","0.002108","19060","2002-10-14 00:00:00.00","2452561.5","","SSO-2.3m","DBS","Unknown","Unknown","","Y","","","SN2002ap_2002-10-14_00-00-00_SSO-2.3m_DBS_None.ascii","SN2002ap_2002-10-14_00-00-00_SSO-2.3m_DBS_None.fits","Object","","","Air","Angstrom","1","Other","","2700","0","","1.63","","","","","3500.2918820616","9147.1750380283","1.93452660362","Taubenberger et al 2009","2009MNRAS.397..677T","[Data obtained from:Stefan Taubenberger] [Prev. spec info - createdby: ilanm-UploadSet; modifiedby: ilanm-UploadSet]"," Migration From WISeREP1.0","2011-07-21 07:54:18"
"6334","2002ap","","24.09938","15.75367","SN Ic-BL","0.002108","19078","2002-11-03 07:12:00.00","2452581.8","","MMT","MMT-Blue","TM, JC","Unknown","CfA-Stripped","Y","CfA-Stripped","","SN2002ap_2002-11-03_07-12-00_MMT_MMT-Blue_CfA-Stripped.flm","","Object","","","Air","Angstrom","1","Other","","7200","0","","1.07","","","","","3200","9300","1.9993444772206","Modjaz et al. 2014","2014AJ....147...99M","For additional info see related file and the &lt;a href=http://www.cfa.harvard.edu/supernova/SNarchive.html&gt;CfA SN Data Archive&lt;/a&gt; [Data obtained from:Modjaz, M.] [Prev. spec info - createdby: ilanm-UploadSet; modifiedby: ilanm-UploadSet]"," Migration From WISeREP1.0","2011-07-21 07:54:18"
"6334","2002ap","","24.09938","15.75367","SN Ic-BL","0.002108","19061","2002-11-06 00:00:00.00","2452584.5","","Keck2","ESI","Filippenko, Jha, Chornock","Unknown","","Y","","","SN2002ap_2002-11-06_00-00-00_Keck2_ESI_None.flm","","Object","High","","Air","Angstrom","1","Other","","600","0","","","","","","","3921","10199.5","0.49996018474279","Foley et al. 2003","2003PASP..115.1220F","[Data obtained from:Foley, R.] [Prev. spec info - createdby: ilanm-UploadSet; modifiedby: ilanm]"," Migration From WISeREP1.0","2011-07-21 07:54:18"
"6334","2002ap","","24.09938","15.75367","SN Ic-BL","0.002108","49401","2002-11-06 00:00:00.00","2452584.5","","Keck2","ESI","Alex Filippenko, Ryan Chornock, Surabh Jha","Ryan Chornock","UCB-SNDB","Y","UCB-SNDB","","SN_2002ap_2002-11-06_00-00-00_Keck2_ESI_UCB-SNDB_0.flm","","Object","","","Air","Angstrom","1","erg cm(-2) sec(-1) Ang(-1)","","","","","","","","","","3921","10199.5","0.49996018474279","","2003PASP..115.1220F","SNR: 15.0796;","WIS_Bot1","2019-01-23 10:48:35"
"6334","2002ap","","24.09938","15.75367","SN Ic-BL","0.002108","19062","2003-01-07 00:00:00.00","2452646.5","","Keck1","LRIS","Filippenko, Chornock","Unknown","","Y","","","SN2002ap_2003-01-07_00-00-00_Keck1_LRIS_None.flm","","Object","High","","Air","Angstrom","1","Other","","600","0","","","","","","","3000.5","9430","1.9992226368159","Foley et al. 2003","2003PASP..115.1220F","[Data obtained from:Foley, R.] [Prev. spec info - createdby: ilanm-UploadSet; modifiedby: ilanm]"," Migration From WISeREP1.0","2011-07-21 07:54:18"
"6334","2002ap","","24.09938","15.75367","SN Ic-BL","0.002108","49402","2003-01-07 00:00:00.00","2452646.5","","Keck1","LRIS","Alex Filippenko, Ryan Chornock","Ryan Chornock","UCB-SNDB","Y","UCB-SNDB","","SN_2002ap_2003-01-07_00-00-00_Keck1_LRIS_UCB-SNDB_0.flm","","Object","","","Air","Angstrom","1","erg cm(-2) sec(-1) Ang(-1)","","","","","","","","","","3000.5","9430","1.9992226368159","","2003PASP..115.1220F","SNR: 7.40916;","WIS_Bot1","2019-01-23 10:48:35"
"6334","2002ap","","24.09938","15.75367","SN Ic-BL","0.002108","19063","2003-02-27 00:00:00.00","2452697.5","","Keck1","LRIS","Filippenko, Chornock","Unknown","","Y","","","SN2002ap_2003-02-27_00-00-00_Keck1_LRIS_None.flm","","Object","High","","Air","Angstrom","1","Other","","700","0","","","","","","","3114.5","9410","1.9992060971737","Foley et al. 2003","2003PASP..115.1220F","[Data obtained from:Foley, R.] [Prev. spec info - createdby: ilanm-UploadSet; modifiedby: ilanm]"," Migration From WISeREP1.0","2011-07-21 07:54:18"
"6334","2002ap","","24.09938","15.75367","SN Ic-BL","0.002108","49403","2003-02-27 00:00:00.00","2452697.5","","Keck1","LRIS","Alex Filippenko, Ryan Chornock","Ryan Chornock","UCB-SNDB","Y","UCB-SNDB","","SN_2002ap_2003-02-27_00-00-00_Keck1_LRIS_UCB-SNDB_0.flm","","Object","","","Air","Angstrom","1","erg cm(-2) sec(-1) Ang(-1)","","","","","","","","","","3114.5","9410","1.9992060971737","","2003PASP..115.1220F","SNR: 8.70759;","WIS_Bot1","2019-01-23 10:48:35"