"Obj. ID","IAU name","Internal name/s","Obj. RA","Obj. DEC","Obj. Type","Redshift","Spec. ID","Obs-date","JD","From","Telescope","Instrument","Observer/s","Reducer/s","Source group","Public","Associated groups","End prop. period","Ascii file","Fits file","Spec. type","Spec. quality","Extinction-Corrected","WL Medium","WL Units","Flux Unit Coefficient","Spec. units","Flux Calibrated By","Exp-time","Aperture (slit)","HA","Airmass","Dichroic","Grism","Grating","Blaze","Lambda-min","Lambda-max","Del-Lambda","Contrib","Publish","Remarks","Created by","Creation date"
"3216","2004gk","","186.388458","12.261139","SN Ic","0.000407","10004","2004-12-03 13:12:00.00","2453343.05","","FLWO-1.5m","FAST","CB","Unknown","CfA-Stripped","Y","CfA-Stripped","","SN2004gk_2004-12-03_13-12-00_FLWO-1.5m_FAST_CfA-Stripped.flm","","Object","","","Air","Angstrom","1","Other","","300","3","","1.14","","","","","3485","7415.78","1.4694504672897","Modjaz et al. 2014","2014AJ....147...99M","For additional info see related file and the &lt;a href=http://www.cfa.harvard.edu/supernova/SNarchive.html&gt;CfA SN Data Archive&lt;/a&gt; [Data obtained from:Modjaz, M.] [Prev. spec info - createdby: ilanm-UploadSet; modifiedby: ilanm-UploadSet]"," Migration From WISeREP1.0","2013-03-18 13:09:44"
"3216","2004gk","","186.388458","12.261139","SN Ic","0.000407","10005","2004-12-09 12:28:48.00","2453349.02","","FLWO-1.5m","FAST","MC","Unknown","CfA-Stripped","Y","CfA-Stripped","","SN2004gk_2004-12-09_12-28-48_FLWO-1.5m_FAST_CfA-Stripped.flm","","Object","","","Air","Angstrom","1","Other","","600","3","","1.21","","","","","3485","7414.31","1.4694502617801","Modjaz et al. 2014","2014AJ....147...99M","For additional info see related file and the &lt;a href=http://www.cfa.harvard.edu/supernova/SNarchive.html&gt;CfA SN Data Archive&lt;/a&gt; [Data obtained from:Modjaz, M.] [Prev. spec info - createdby: ilanm-UploadSet; modifiedby: ilanm-UploadSet]"," Migration From WISeREP1.0","2013-03-18 13:09:44"
"3216","2004gk","","186.388458","12.261139","SN Ic","0.000407","10006","2004-12-10 12:14:24.00","2453350.01","","FLWO-1.5m","FAST","MC","Unknown","CfA-Stripped","Y","CfA-Stripped","","SN2004gk_2004-12-10_12-14-24_FLWO-1.5m_FAST_CfA-Stripped.flm","","Object","","","Air","Angstrom","1","Other","","600","3","","1.23","","","","","3485","7411.37","1.4694498502994","Modjaz et al. 2014","2014AJ....147...99M","For additional info see related file and the &lt;a href=http://www.cfa.harvard.edu/supernova/SNarchive.html&gt;CfA SN Data Archive&lt;/a&gt; [Data obtained from:Modjaz, M.] [Prev. spec info - createdby: ilanm-UploadSet; modifiedby: ilanm-UploadSet]"," Migration From WISeREP1.0","2013-03-18 13:09:44"
"3216","2004gk","","186.388458","12.261139","SN Ic","0.000407","10007","2004-12-12 12:43:12.00","2453352.03","","FLWO-1.5m","FAST","PBe","Unknown","CfA-Stripped","Y","CfA-Stripped","","SN2004gk_2004-12-12_12-43-12_FLWO-1.5m_FAST_CfA-Stripped.flm","","Object","","","Air","Angstrom","1","Other","","900","3","","1.15","","","","","3485","7411.37","1.4694498502994","Modjaz et al. 2014","2014AJ....147...99M","For additional info see related file and the &lt;a href=http://www.cfa.harvard.edu/supernova/SNarchive.html&gt;CfA SN Data Archive&lt;/a&gt; [Data obtained from:Modjaz, M.] [Prev. spec info - createdby: ilanm-UploadSet; modifiedby: ilanm-UploadSet]"," Migration From WISeREP1.0","2013-03-18 13:09:44"
"3216","2004gk","","186.388458","12.261139","SN Ic","0.000407","49866","2004-12-12 16:00:28.00","2453352.1669907","","Keck1","LRIS","Ryan Foley, Alex Filippenko","Ryan Foley","UCB-SNDB","Y","UCB-SNDB","","SN_2004gk_2004-12-12_16-00-28_Keck1_LRIS_UCB-SNDB_0.flm","","Object","","","Air","Angstrom","1","erg cm(-2) sec(-1) Ang(-1)","","","","","","","","","","3200","9320","1.999346618752","","2019MNRAS.482.1545S","SNR: 62.6894;","WIS_Bot1","2019-01-23 10:48:35"
"3216","2004gk","","186.388458","12.261139","SN Ic","0.000407","10008","2004-12-13 12:57:36.00","2453353.04","","FLWO-1.5m","FAST","PBe","Unknown","CfA-Stripped","Y","CfA-Stripped","","SN2004gk_2004-12-13_12-57-36_FLWO-1.5m_FAST_CfA-Stripped.flm","","Object","","","Air","Angstrom","1","Other","","900","3","","1.13","","","","","3485","7411.37","1.4694498502994","Modjaz et al. 2014","2014AJ....147...99M","For additional info see related file and the &lt;a href=http://www.cfa.harvard.edu/supernova/SNarchive.html&gt;CfA SN Data Archive&lt;/a&gt; [Data obtained from:Modjaz, M.] [Prev. spec info - createdby: ilanm-UploadSet; modifiedby: ilanm-UploadSet]"," Migration From WISeREP1.0","2013-03-18 13:09:44"
"3216","2004gk","","186.388458","12.261139","SN Ic","0.000407","10009","2004-12-14 12:57:36.00","2453354.04","","FLWO-1.5m","FAST","PBe","Unknown","CfA-Stripped","Y","CfA-Stripped","","SN2004gk_2004-12-14_12-57-36_FLWO-1.5m_FAST_CfA-Stripped.flm","","Object","","","Air","Angstrom","1","Other","","900","3","","1.12","","","","","3485","7411.37","1.4694498502994","Modjaz et al. 2014","2014AJ....147...99M","For additional info see related file and the &lt;a href=http://www.cfa.harvard.edu/supernova/SNarchive.html&gt;CfA SN Data Archive&lt;/a&gt; [Data obtained from:Modjaz, M.] [Prev. spec info - createdby: ilanm-UploadSet; modifiedby: ilanm-UploadSet]"," Migration From WISeREP1.0","2013-03-18 13:09:44"
"3216","2004gk","","186.388458","12.261139","SN Ic","0.000407","10010","2004-12-15 12:14:24.00","2453355.01","","FLWO-1.5m","FAST","JHuc","Unknown","CfA-Stripped","Y","CfA-Stripped","","SN2004gk_2004-12-15_12-14-24_FLWO-1.5m_FAST_CfA-Stripped.flm","","Object","","","Air","Angstrom","1","Other","","900","3","","1.18","","","","","3485","7411.37","1.4694498502994","Modjaz et al. 2014","2014AJ....147...99M","For additional info see related file and the &lt;a href=http://www.cfa.harvard.edu/supernova/SNarchive.html&gt;CfA SN Data Archive&lt;/a&gt; [Data obtained from:Modjaz, M.] [Prev. spec info - createdby: ilanm-UploadSet; modifiedby: ilanm-UploadSet]"," Migration From WISeREP1.0","2013-03-18 13:09:44"
"3216","2004gk","","186.388458","12.261139","SN Ic","0.000407","10011","2004-12-16 12:00:00.00","2453356","","FLWO-1.5m","FAST","JHuc","Unknown","CfA-Stripped","Y","CfA-Stripped","","SN2004gk_2004-12-16_12-00-00_FLWO-1.5m_FAST_CfA-Stripped.flm","","Object","","","Air","Angstrom","1","Other","","900","3","","1.21","","","","","3490","7416.37","1.4694498502994","Modjaz et al. 2014","2014AJ....147...99M","For additional info see related file and the &lt;a href=http://www.cfa.harvard.edu/supernova/SNarchive.html&gt;CfA SN Data Archive&lt;/a&gt; [Data obtained from:Modjaz, M.] [Prev. spec info - createdby: ilanm-UploadSet; modifiedby: ilanm-UploadSet]"," Migration From WISeREP1.0","2013-03-18 13:09:44"
"3216","2004gk","","186.388458","12.261139","SN Ic","0.000407","10012","2004-12-18 12:43:12.00","2453358.03","","FLWO-1.5m","FAST","JHuc","Unknown","CfA-Stripped","Y","CfA-Stripped","","SN2004gk_2004-12-18_12-43-12_FLWO-1.5m_FAST_CfA-Stripped.flm","","Object","","","Air","Angstrom","1","Other","","1200","3","","1.12","","","","","3490","7416.37","1.4694498502994","Modjaz et al. 2014","2014AJ....147...99M","For additional info see related file and the &lt;a href=http://www.cfa.harvard.edu/supernova/SNarchive.html&gt;CfA SN Data Archive&lt;/a&gt; [Data obtained from:Modjaz, M.] [Prev. spec info - createdby: ilanm-UploadSet; modifiedby: ilanm-UploadSet]"," Migration From WISeREP1.0","2013-03-18 13:09:44"
"3216","2004gk","","186.388458","12.261139","SN Ic","0.000407","49870","2004-12-18 13:27:50.00","2453358.0609954","","Lick-3m","KAST","Mohan Ganeshalingam, Brandon Swift","Jeffrey Silverman","UCB-SNDB","Y","UCB-SNDB","","SN_2004gk_2004-12-18_13-27-50_Lick-3m_KAST_UCB-SNDB_0.flm","","Object","","","Air","Angstrom","1","erg cm(-2) sec(-1) Ang(-1)","","","","","","","","","","3338","10600","1.999449339207","","2019MNRAS.482.1545S","SNR: 57.5029;","WIS_Bot1","2019-01-23 10:48:35"
"3216","2004gk","","186.388458","12.261139","SN Ic","0.000407","10013","2004-12-20 12:14:24.00","2453360.01","","FLWO-1.5m","FAST","MC","Unknown","CfA-Stripped","Y","CfA-Stripped","","SN2004gk_2004-12-20_12-14-24_FLWO-1.5m_FAST_CfA-Stripped.flm","","Object","","","Air","Angstrom","1","Other","","900","3","","1.15","","","","","3490","7416.37","1.4694498502994","Modjaz et al. 2014","2014AJ....147...99M","For additional info see related file and the &lt;a href=http://www.cfa.harvard.edu/supernova/SNarchive.html&gt;CfA SN Data Archive&lt;/a&gt; [Data obtained from:Modjaz, M.] [Prev. spec info - createdby: ilanm-UploadSet; modifiedby: ilanm-UploadSet]"," Migration From WISeREP1.0","2013-03-18 13:09:44"
"3216","2004gk","","186.388458","12.261139","SN Ic","0.000407","10014","2004-12-21 12:43:12.00","2453361.03","","FLWO-1.5m","FAST","MC","Unknown","CfA-Stripped","Y","CfA-Stripped","","SN2004gk_2004-12-21_12-43-12_FLWO-1.5m_FAST_CfA-Stripped.flm","","Object","","","Air","Angstrom","1","Other","","1020","3","","1.09","","","","","3485","7411.37","1.4694498502994","Modjaz et al. 2014","2014AJ....147...99M","For additional info see related file and the &lt;a href=http://www.cfa.harvard.edu/supernova/SNarchive.html&gt;CfA SN Data Archive&lt;/a&gt; [Data obtained from:Modjaz, M.] [Prev. spec info - createdby: ilanm-UploadSet; modifiedby: ilanm-UploadSet]"," Migration From WISeREP1.0","2013-03-18 13:09:44"
"3216","2004gk","","186.388458","12.261139","SN Ic","0.000407","10015","2005-01-06 12:57:36.00","2453377.04","","FLWO-1.5m","FAST","EF","Unknown","CfA-Stripped","Y","CfA-Stripped","","SN2004gk_2005-01-06_12-57-36_FLWO-1.5m_FAST_CfA-Stripped.flm","","Object","","","Air","Angstrom","1","Other","","900","3","","1.06","","","","","3480","7404.9","1.469449644328","Modjaz et al. 2014","2014AJ....147...99M","For additional info see related file and the &lt;a href=http://www.cfa.harvard.edu/supernova/SNarchive.html&gt;CfA SN Data Archive&lt;/a&gt; [Data obtained from:Modjaz, M.] [Prev. spec info - createdby: ilanm-UploadSet; modifiedby: ilanm-UploadSet]"," Migration From WISeREP1.0","2013-03-18 13:09:44"
"3216","2004gk","","186.388458","12.261139","SN Ic","0.000407","10016","2005-01-07 12:57:36.00","2453378.04","","FLWO-1.5m","FAST","EF","Unknown","CfA-Stripped","Y","CfA-Stripped","","SN2004gk_2005-01-07_12-57-36_FLWO-1.5m_FAST_CfA-Stripped.flm","","Object","","","Air","Angstrom","1","Other","","900","3","","1.06","","","","","3445","7369.9","1.469449644328","Modjaz et al. 2014","2014AJ....147...99M","For additional info see related file and the &lt;a href=http://www.cfa.harvard.edu/supernova/SNarchive.html&gt;CfA SN Data Archive&lt;/a&gt; [Data obtained from:Modjaz, M.] [Prev. spec info - createdby: ilanm-UploadSet; modifiedby: ilanm-UploadSet]"," Migration From WISeREP1.0","2013-03-18 13:09:44"
"3216","2004gk","","186.388458","12.261139","SN Ic","0.000407","10017","2005-01-09 12:28:48.00","2453380.02","","FLWO-1.5m","FAST","PBe","Unknown","CfA-Stripped","Y","CfA-Stripped","","SN2004gk_2005-01-09_12-28-48_FLWO-1.5m_FAST_CfA-Stripped.flm","","Object","","","Air","Angstrom","1","Other","","1200","3","","1.06","","","","","3485","7411.37","1.4694498502994","Modjaz et al. 2014","2014AJ....147...99M","For additional info see related file and the &lt;a href=http://www.cfa.harvard.edu/supernova/SNarchive.html&gt;CfA SN Data Archive&lt;/a&gt; [Data obtained from:Modjaz, M.] [Prev. spec info - createdby: ilanm-UploadSet; modifiedby: ilanm-UploadSet]"," Migration From WISeREP1.0","2013-03-18 13:09:44"
"3216","2004gk","","186.388458","12.261139","SN Ic","0.000407","10018","2005-01-12 12:14:24.00","2453383.01","","FLWO-1.5m","FAST","WBr","Unknown","CfA-Stripped","Y","CfA-Stripped","","SN2004gk_2005-01-12_12-14-24_FLWO-1.5m_FAST_CfA-Stripped.flm","","Object","","","Air","Angstrom","1","Other","","1200","3","","1.06","","","","","3485","7409.9","1.469449644328","Modjaz et al. 2014","2014AJ....147...99M","For additional info see related file and the &lt;a href=http://www.cfa.harvard.edu/supernova/SNarchive.html&gt;CfA SN Data Archive&lt;/a&gt; [Data obtained from:Modjaz, M.] [Prev. spec info - createdby: ilanm-UploadSet; modifiedby: ilanm-UploadSet]"," Migration From WISeREP1.0","2013-03-18 13:09:44"
"3216","2004gk","","186.388458","12.261139","SN Ic","0.000407","49867","2005-01-16 10:50:52.00","2453386.9519907","","Lick-3m","KAST","Mohan Ganeshalingam, Frank Serduke","Jeffrey Silverman","UCB-SNDB","Y","UCB-SNDB","","SN_2004gk_2005-01-16_10-50-52_Lick-3m_KAST_UCB-SNDB_0.flm","","Object","","","Air","Angstrom","1","erg cm(-2) sec(-1) Ang(-1)","","","","","","","","","","3306","10500","1.9994441356309","","2019MNRAS.482.1545S","SNR: 47.0857;","WIS_Bot1","2019-01-23 10:48:35"
"3216","2004gk","","186.388458","12.261139","SN Ic","0.000407","10019","2005-01-16 12:00:00.00","2453387","","FLWO-1.5m","FAST","PBe","Unknown","CfA-Stripped","Y","CfA-Stripped","","SN2004gk_2005-01-16_12-00-00_FLWO-1.5m_FAST_CfA-Stripped.flm","","Object","","","Air","Angstrom","1","Other","","900","3","","1.06","","","","","3485","7411.37","1.4694498502994","Modjaz et al. 2014","2014AJ....147...99M","For additional info see related file and the &lt;a href=http://www.cfa.harvard.edu/supernova/SNarchive.html&gt;CfA SN Data Archive&lt;/a&gt; [Data obtained from:Modjaz, M.] [Prev. spec info - createdby: ilanm-UploadSet; modifiedby: ilanm-UploadSet]"," Migration From WISeREP1.0","2013-03-18 13:09:44"
"3216","2004gk","","186.388458","12.261139","SN Ic","0.000407","10020","2005-02-02 11:02:24.00","2453403.96","","FLWO-1.5m","FAST","PBe","Unknown","CfA-Stripped","Y","CfA-Stripped","","SN2004gk_2005-02-02_11-02-24_FLWO-1.5m_FAST_CfA-Stripped.flm","","Object","","","Air","Angstrom","1","Other","","660","3","","1.06","","","","","3490","7414.9","1.469449644328","Modjaz et al. 2014","2014AJ....147...99M","For additional info see related file and the &lt;a href=http://www.cfa.harvard.edu/supernova/SNarchive.html&gt;CfA SN Data Archive&lt;/a&gt; [Data obtained from:Modjaz, M.] [Prev. spec info - createdby: ilanm-UploadSet; modifiedby: ilanm-UploadSet]"," Migration From WISeREP1.0","2013-03-18 13:09:44"
"3216","2004gk","","186.388458","12.261139","SN Ic","0.000407","10021","2005-02-09 11:16:48.00","2453410.97","","FLWO-1.5m","FAST","MM","Unknown","CfA-Stripped","Y","CfA-Stripped","","SN2004gk_2005-02-09_11-16-48_FLWO-1.5m_FAST_CfA-Stripped.flm","","Object","","","Air","Angstrom","1","Other","","1200","3","","1.07","","","","","3490","7410.49","1.4694490254873","Modjaz et al. 2014","2014AJ....147...99M","For additional info see related file and the &lt;a href=http://www.cfa.harvard.edu/supernova/SNarchive.html&gt;CfA SN Data Archive&lt;/a&gt; [Data obtained from:Modjaz, M.] [Prev. spec info - createdby: ilanm-UploadSet; modifiedby: ilanm-UploadSet]"," Migration From WISeREP1.0","2013-03-18 13:09:44"
"3216","2004gk","","186.388458","12.261139","SN Ic","0.000407","49869","2005-02-11 10:27:50.00","2453412.9359954","","Keck2","DEIMOS","Alex Filippenko, Ryan Foley","Jeffrey Silverman","UCB-SNDB","Y","UCB-SNDB","","SN_2004gk_2005-02-11_10-27-50_Keck2_DEIMOS_UCB-SNDB_0.flm","","Object","","","Air","Angstrom","1","erg cm(-2) sec(-1) Ang(-1)","","","","","","","","","","5046","10200.8","0.60002328017693","","2019MNRAS.482.1545S","SNR: 34.6374;","WIS_Bot1","2019-01-23 10:48:35"
"3216","2004gk","","186.388458","12.261139","SN Ic","0.000407","10022","2005-02-15 00:57:36.00","2453416.54","","FLWO-1.5m","FAST","MC","Unknown","CfA-Stripped","Y","CfA-Stripped","","SN2004gk_2005-02-15_00-57-36_FLWO-1.5m_FAST_CfA-Stripped.flm","","Object","","","Air","Angstrom","1","Other","","600","3","","1.28","","","","","3485","7411.37","1.4694498502994","Modjaz et al. 2014","2014AJ....147...99M","For additional info see related file and the &lt;a href=http://www.cfa.harvard.edu/supernova/SNarchive.html&gt;CfA SN Data Archive&lt;/a&gt; [Data obtained from:Modjaz, M.] [Prev. spec info - createdby: ilanm-UploadSet; modifiedby: ilanm-UploadSet]"," Migration From WISeREP1.0","2013-03-18 13:09:44"
"3216","2004gk","","186.388458","12.261139","SN Ic","0.000407","10023","2005-03-01 08:52:48.00","2453430.87","","FLWO-1.5m","FAST","HH","Unknown","CfA-Stripped","Y","CfA-Stripped","","SN2004gk_2005-03-01_08-52-48_FLWO-1.5m_FAST_CfA-Stripped.flm","","Object","","","Air","Angstrom","1","Other","","1200","3","","1.07","","","","","3485","7411.37","1.4694498502994","Modjaz et al. 2014","2014AJ....147...99M","For additional info see related file and the &lt;a href=http://www.cfa.harvard.edu/supernova/SNarchive.html&gt;CfA SN Data Archive&lt;/a&gt; [Data obtained from:Modjaz, M.] [Prev. spec info - createdby: ilanm-UploadSet; modifiedby: ilanm-UploadSet]"," Migration From WISeREP1.0","2013-03-18 13:09:44"
"3216","2004gk","","186.388458","12.261139","SN Ic","0.000407","10024","2005-03-07 09:50:24.00","2453436.91","","FLWO-1.5m","FAST","HH","Unknown","CfA-Stripped","Y","CfA-Stripped","","SN2004gk_2005-03-07_09-50-24_FLWO-1.5m_FAST_CfA-Stripped.flm","","Object","","","Air","Angstrom","1","Other","","1200","3","","1.08","","","","","3485","7411.37","1.4694498502994","Modjaz et al. 2014","2014AJ....147...99M","For additional info see related file and the &lt;a href=http://www.cfa.harvard.edu/supernova/SNarchive.html&gt;CfA SN Data Archive&lt;/a&gt; [Data obtained from:Modjaz, M.] [Prev. spec info - createdby: ilanm-UploadSet; modifiedby: ilanm-UploadSet]"," Migration From WISeREP1.0","2013-03-18 13:09:44"
"3216","2004gk","","186.388458","12.261139","SN Ic","0.000407","10025","2005-03-11 08:38:24.00","2453440.86","","FLWO-1.5m","FAST","JF","Unknown","CfA-Stripped","Y","CfA-Stripped","","SN2004gk_2005-03-11_08-38-24_FLWO-1.5m_FAST_CfA-Stripped.flm","","Object","","","Air","Angstrom","1","Other","","1200","3","","1.06","","","","","3490","7410.49","1.4694490254873","Modjaz et al. 2014","2014AJ....147...99M","For additional info see related file and the &lt;a href=http://www.cfa.harvard.edu/supernova/SNarchive.html&gt;CfA SN Data Archive&lt;/a&gt; [Data obtained from:Modjaz, M.] [Prev. spec info - createdby: ilanm-UploadSet; modifiedby: ilanm-UploadSet]"," Migration From WISeREP1.0","2013-03-18 13:09:44"
"3216","2004gk","","186.388458","12.261139","SN Ic","0.000407","49868","2005-03-13 12:21:36.00","2453443.015","","Lick-3m","KAST","Mohan Ganeshalingam, Frank Serduke, Sung Park","Jeffrey Silverman","UCB-SNDB","Y","UCB-SNDB","","SN_2004gk_2005-03-13_12-21-36_Lick-3m_KAST_UCB-SNDB_0.flm","","Object","","","Air","Angstrom","1","erg cm(-2) sec(-1) Ang(-1)","","","","","","","","","","3322","10500","1.9994428969359","","2019MNRAS.482.1545S","SNR: 16.455;","WIS_Bot1","2019-01-23 10:48:35"
"3216","2004gk","","186.388458","12.261139","SN Ic","0.000407","10026","2005-03-17 09:07:12.00","2453446.88","","FLWO-1.5m","FAST","CB","Unknown","CfA-Stripped","Y","CfA-Stripped","","SN2004gk_2005-03-17_09-07-12_FLWO-1.5m_FAST_CfA-Stripped.flm","","Object","","","Air","Angstrom","1","Other","","1200","3","","1.08","","","","","3487","7413.37","1.4694498502994","Modjaz et al. 2014","2014AJ....147...99M","For additional info see related file and the &lt;a href=http://www.cfa.harvard.edu/supernova/SNarchive.html&gt;CfA SN Data Archive&lt;/a&gt; [Data obtained from:Modjaz, M.] [Prev. spec info - createdby: ilanm-UploadSet; modifiedby: ilanm-UploadSet]"," Migration From WISeREP1.0","2013-03-18 13:09:44"
"3216","2004gk","","186.388458","12.261139","SN Ic","0.000407","10027","2005-03-30 10:33:36.00","2453459.94","","FLWO-1.5m","FAST","EF, PN","Unknown","CfA-Stripped","Y","CfA-Stripped","","SN2004gk_2005-03-30_10-33-36_FLWO-1.5m_FAST_CfA-Stripped.flm","","Object","","","Air","Angstrom","1","Other","","1200","3","","1.45","","","","","3430","7354.9","1.469449644328","Modjaz et al. 2014","2014AJ....147...99M","For additional info see related file and the &lt;a href=http://www.cfa.harvard.edu/supernova/SNarchive.html&gt;CfA SN Data Archive&lt;/a&gt; [Data obtained from:Modjaz, M.] [Prev. spec info - createdby: ilanm-UploadSet; modifiedby: ilanm-UploadSet]"," Migration From WISeREP1.0","2013-03-18 13:09:44"
"3216","2004gk","","186.388458","12.261139","SN Ic","0.000407","10028","2005-03-31 06:00:00.00","2453460.75","","FLWO-1.5m","FAST","PN","Unknown","CfA-Stripped","Y","CfA-Stripped","","SN2004gk_2005-03-31_06-00-00_FLWO-1.5m_FAST_CfA-Stripped.flm","","Object","","","Air","Angstrom","1","Other","","900","3","","1.11","","","","","3490","7410.49","1.4694490254873","Modjaz et al. 2014","2014AJ....147...99M","For additional info see related file and the &lt;a href=http://www.cfa.harvard.edu/supernova/SNarchive.html&gt;CfA SN Data Archive&lt;/a&gt; [Data obtained from:Modjaz, M.] [Prev. spec info - createdby: ilanm-UploadSet; modifiedby: ilanm-UploadSet]"," Migration From WISeREP1.0","2013-03-18 13:09:44"
"3216","2004gk","","186.388458","12.261139","SN Ic","0.000407","10029","2005-04-10 05:16:48.00","2453470.72","","FLWO-1.5m","FAST","HL","Unknown","CfA-Stripped","Y","CfA-Stripped","","SN2004gk_2005-04-10_05-16-48_FLWO-1.5m_FAST_CfA-Stripped.flm","","Object","","","Air","Angstrom","1","Other","","1200","3","","1.13","","","","","3485","7411.37","1.4694498502994","Modjaz et al. 2014","2014AJ....147...99M","For additional info see related file and the &lt;a href=http://www.cfa.harvard.edu/supernova/SNarchive.html&gt;CfA SN Data Archive&lt;/a&gt; [Data obtained from:Modjaz, M.] [Prev. spec info - createdby: ilanm-UploadSet; modifiedby: ilanm-UploadSet]"," Migration From WISeREP1.0","2013-03-18 13:09:44"
"3216","2004gk","","186.388458","12.261139","SN Ic","0.000407","10030","2005-04-18 06:43:12.00","2453478.78","","FLWO-1.5m","FAST","MC","Unknown","CfA-Stripped","Y","CfA-Stripped","","SN2004gk_2005-04-18_06-43-12_FLWO-1.5m_FAST_CfA-Stripped.flm","","Object","","","Air","Angstrom","1","Other","","1200","3","","1.07","","","","","3485","7411.37","1.4694498502994","Modjaz et al. 2014","2014AJ....147...99M","For additional info see related file and the &lt;a href=http://www.cfa.harvard.edu/supernova/SNarchive.html&gt;CfA SN Data Archive&lt;/a&gt; [Data obtained from:Modjaz, M.] [Prev. spec info - createdby: ilanm-UploadSet; modifiedby: ilanm-UploadSet]"," Migration From WISeREP1.0","2013-03-18 13:09:44"
"3216","2004gk","","186.388458","12.261139","SN Ic","0.000407","10031","2005-05-03 06:28:48.00","2453493.77","","FLWO-1.5m","FAST","PBe","Unknown","CfA-Stripped","Y","CfA-Stripped","","SN2004gk_2005-05-03_06-28-48_FLWO-1.5m_FAST_CfA-Stripped.flm","","Object","","","Air","Angstrom","1","Other","","1200","3","","1.13","","","","","3485","7411.37","1.4694498502994","Modjaz et al. 2014","2014AJ....147...99M","For additional info see related file and the &lt;a href=http://www.cfa.harvard.edu/supernova/SNarchive.html&gt;CfA SN Data Archive&lt;/a&gt; [Data obtained from:Modjaz, M.] [Prev. spec info - createdby: ilanm-UploadSet; modifiedby: ilanm-UploadSet]"," Migration From WISeREP1.0","2013-03-18 13:09:44"
"3216","2004gk","","186.388458","12.261139","SN Ic","0.000407","10032","2005-05-11 06:28:48.00","2453501.77","","FLWO-1.5m","FAST","WBr","Unknown","CfA-Stripped","Y","CfA-Stripped","","SN2004gk_2005-05-11_06-28-48_FLWO-1.5m_FAST_CfA-Stripped.flm","","Object","","","Air","Angstrom","1","Other","","1200","3","","1.17","","","","","3485","7411.37","1.4694498502994","Modjaz et al. 2014","2014AJ....147...99M","For additional info see related file and the &lt;a href=http://www.cfa.harvard.edu/supernova/SNarchive.html&gt;CfA SN Data Archive&lt;/a&gt; [Data obtained from:Modjaz, M.] [Prev. spec info - createdby: ilanm-UploadSet; modifiedby: ilanm-UploadSet]"," Migration From WISeREP1.0","2013-03-18 13:09:44"
"3216","2004gk","","186.388458","12.261139","SN Ic","0.000407","10033","2005-06-11 06:14:24.00","2453532.76","","FLWO-1.5m","FAST","MC","Unknown","CfA-Stripped","Y","CfA-Stripped","","SN2004gk_2005-06-11_06-14-24_FLWO-1.5m_FAST_CfA-Stripped.flm","","Object","","","Air","Angstrom","1","Other","","1200","3","","1.68","","","","","3480","7410.78","1.4694504672897","Modjaz et al. 2014","2014AJ....147...99M","For additional info see related file and the &lt;a href=http://www.cfa.harvard.edu/supernova/SNarchive.html&gt;CfA SN Data Archive&lt;/a&gt; [Data obtained from:Modjaz, M.] [Prev. spec info - createdby: ilanm-UploadSet; modifiedby: ilanm-UploadSet]"," Migration From WISeREP1.0","2013-03-18 13:09:44"
"3216","2004gk","","186.388458","12.261139","SN Ic","0.000407","10034","2005-07-02 04:19:12.00","2453553.68","","FLWO-1.5m","FAST","JHuc, CHu","Unknown","CfA-Stripped","Y","CfA-Stripped","","SN2004gk_2005-07-02_04-19-12_FLWO-1.5m_FAST_CfA-Stripped.flm","","Object","","","Air","Angstrom","1","Other","","1500","3","","1.51","","","","","3485","7411.37","1.4694498502994","Modjaz et al. 2014","2014AJ....147...99M","For additional info see related file and the &lt;a href=http://www.cfa.harvard.edu/supernova/SNarchive.html&gt;CfA SN Data Archive&lt;/a&gt; [Data obtained from:Modjaz, M.] [Prev. spec info - createdby: ilanm-UploadSet; modifiedby: ilanm-UploadSet]"," Migration From WISeREP1.0","2013-03-18 13:09:44"
"3216","2004gk","","186.388458","12.261139","SN Ic","0.000407","9985","2005-07-10 00:00:00.00","2453561.5","","MMT","MMT-Blue","Unknown","Unknown","","Y","","","2004gk_2005-07-10_00-00-00_MMT_MMT-Blue_None.flm","","Object","","","Air","Angstrom","1","Other","","0","0","","","","","","","3520","8710.9004","1.9492678933534","Modjaz et al. 2008","2008ApJ...687L...9M",""," Migration From WISeREP1.0","2013-03-18 13:09:44"