"Obj. ID","IAU name","Internal name/s","Obj. RA","Obj. DEC","Obj. Type","Redshift","Spec. ID","Obs-date","JD","From","Telescope","Instrument","Observer/s","Reducer/s","Source group","Public","Associated groups","End prop. period","Ascii file","Fits file","Spec. type","Spec. quality","Extinction-Corrected","WL Medium","WL Units","Flux Unit Coefficient","Spec. units","Flux Calibrated By","Exp-time","Aperture (slit)","HA","Airmass","Dichroic","Grism","Grating","Blaze","Lambda-min","Lambda-max","Del-Lambda","Contrib","Publish","Remarks","Created by","Creation date"
"6984","2004aw","","179.45933","25.26531","SN Ic","0.0163","20731","2004-03-21 06:57:36.00","2453085.79","","FLWO-1.5m","FAST","PBe","Unknown","CfA-Stripped","Y","CfA-Stripped","","SN2004aw_2004-03-21_06-57-36_FLWO-1.5m_FAST_CfA-Stripped.flm","","Object","","","Air","Angstrom","1","Other","","1200","3","","1.02","","","","","3720","7540.5","1.4994113029827","Modjaz et al. 2014","2014AJ....147...99M","For additional info see related file and the &lt;a href=http://www.cfa.harvard.edu/supernova/SNarchive.html&gt;CfA SN Data Archive&lt;/a&gt; [Data obtained from:Modjaz, M.] [Prev. spec info - createdby: ilanm-UploadSet; modifiedby: ilanm-UploadSet]"," Migration From WISeREP1.0","2011-07-21 07:54:18"
"6984","2004aw","","179.45933","25.26531","SN Ic","0.0163","20732","2004-03-23 06:28:48.00","2453087.77","","FLWO-1.5m","FAST","MC","Unknown","CfA-Stripped","Y","CfA-Stripped","","SN2004aw_2004-03-23_06-28-48_FLWO-1.5m_FAST_CfA-Stripped.flm","","Object","","","Air","Angstrom","1","Other","","1200","3","","1.03","","","","","3720","7540.5","1.4994113029827","Modjaz et al. 2014","2014AJ....147...99M","For additional info see related file and the &lt;a href=http://www.cfa.harvard.edu/supernova/SNarchive.html&gt;CfA SN Data Archive&lt;/a&gt; [Data obtained from:Modjaz, M.] [Prev. spec info - createdby: ilanm-UploadSet; modifiedby: ilanm-UploadSet]"," Migration From WISeREP1.0","2011-07-21 07:54:18"
"6984","2004aw","","179.45933","25.26531","SN Ic","0.0163","20707","2004-03-24 00:00:00.00","2453088.5","","TNG","DOLORES","Unknown","Unknown","SUSPECT","Y","SUSPECT","","2004aw_2004-03-24_00-00-00_TNG_DOLORES_SUSPECT.dat","2004aw_2004-03-24_00-00-00_TNG_DOLORES_SUSPECT.fits","Object","","","Air","Angstrom","1","Other","","0","0","","","","","","","3250","9297.0955505371","2.9030703555147","Taubenberger 2007","2006MNRAS.371.1459T","Please note that the spectrum may have been erroneously corrected for redshift. Check e.g. Telluric/Balmer lines or check against the original source;  [Prev. spec info - createdby: upload-suspect; modifiedby: ilanm]"," Migration From WISeREP1.0","2011-07-21 07:54:18"
"6984","2004aw","","179.45933","25.26531","SN Ic","0.0163","20733","2004-03-24 08:38:24.00","2453088.86","","FLWO-1.5m","FAST","MC","Unknown","CfA-Stripped","Y","CfA-Stripped","","SN2004aw_2004-03-24_08-38-24_FLWO-1.5m_FAST_CfA-Stripped.flm","","Object","","","Air","Angstrom","1","Other","","1200","3","","1.05","","","","","3720","7540.5","1.4994113029827","Modjaz et al. 2014","2014AJ....147...99M","For additional info see related file and the &lt;a href=http://www.cfa.harvard.edu/supernova/SNarchive.html&gt;CfA SN Data Archive&lt;/a&gt; [Data obtained from:Modjaz, M.] [Prev. spec info - createdby: ilanm-UploadSet; modifiedby: ilanm-UploadSet]"," Migration From WISeREP1.0","2011-07-21 07:54:18"
"6984","2004aw","","179.45933","25.26531","SN Ic","0.0163","20734","2004-03-25 06:57:36.00","2453089.79","","FLWO-1.5m","FAST","PBe","Unknown","CfA-Stripped","Y","CfA-Stripped","","SN2004aw_2004-03-25_06-57-36_FLWO-1.5m_FAST_CfA-Stripped.flm","","Object","","","Air","Angstrom","1","Other","","1260","3","","1.01","","","","","3320","7220","1.4994232987313","Modjaz et al. 2014","2014AJ....147...99M","For additional info see related file and the &lt;a href=http://www.cfa.harvard.edu/supernova/SNarchive.html&gt;CfA SN Data Archive&lt;/a&gt; [Data obtained from:Modjaz, M.] [Prev. spec info - createdby: ilanm-UploadSet; modifiedby: ilanm-UploadSet]"," Migration From WISeREP1.0","2011-07-21 07:54:18"
"6984","2004aw","","179.45933","25.26531","SN Ic","0.0163","20735","2004-03-26 08:24:00.00","2453090.85","","FLWO-1.5m","FAST","PBe","Unknown","CfA-Stripped","Y","CfA-Stripped","","SN2004aw_2004-03-26_08-24-00_FLWO-1.5m_FAST_CfA-Stripped.flm","","Object","","","Air","Angstrom","1","Other","","3000","3","","1.04","","","","","3320","9240","1.499493414387","Modjaz et al. 2014","2014AJ....147...99M","For additional info see related file and the &lt;a href=http://www.cfa.harvard.edu/supernova/SNarchive.html&gt;CfA SN Data Archive&lt;/a&gt; [Data obtained from:Modjaz, M.] [Prev. spec info - createdby: ilanm-UploadSet; modifiedby: ilanm-UploadSet]"," Migration From WISeREP1.0","2011-07-21 07:54:18"
"6984","2004aw","","179.45933","25.26531","SN Ic","0.0163","20736","2004-03-27 08:52:48.00","2453091.87","","FLWO-1.5m","FAST","PBe","Unknown","CfA-Stripped","Y","CfA-Stripped","","SN2004aw_2004-03-27_08-52-48_FLWO-1.5m_FAST_CfA-Stripped.flm","","Object","","","Air","Angstrom","1","Other","","1365","3","","1.1","","","","","3720","7540.5","1.4994113029827","Modjaz et al. 2014","2014AJ....147...99M","For additional info see related file and the &lt;a href=http://www.cfa.harvard.edu/supernova/SNarchive.html&gt;CfA SN Data Archive&lt;/a&gt; [Data obtained from:Modjaz, M.] [Prev. spec info - createdby: ilanm-UploadSet; modifiedby: ilanm-UploadSet]"," Migration From WISeREP1.0","2011-07-21 07:54:18"
"6984","2004aw","","179.45933","25.26531","SN Ic","0.0163","20708","2004-03-28 00:00:00.00","2453092.5","","SSO-2.3m","DBS","Unknown","Unknown","SUSPECT","Y","SUSPECT","","2004aw_2004-03-28_00-00-00_SSO-2.3m_DBS_SUSPECT.dat","2004aw_2004-03-28_00-00-00_SSO-2.3m_DBS_SUSPECT.fits","Object","","","Air","Angstrom","1","Other","","0","0","","","","","","","3600","9212.4977123737","2.0756278522092","Taubenberger 2007","2006MNRAS.371.1459T","Please note that the spectrum may have been erroneously corrected for redshift. Check e.g. Telluric/Balmer lines or check against the original source;  [Prev. spec info - createdby: upload-suspect; modifiedby: ilanm]"," Migration From WISeREP1.0","2011-07-21 07:54:18"
"6984","2004aw","","179.45933","25.26531","SN Ic","0.0163","20737","2004-03-28 06:28:48.00","2453092.77","","FLWO-1.5m","FAST","MC","Unknown","CfA-Stripped","Y","CfA-Stripped","","SN2004aw_2004-03-28_06-28-48_FLWO-1.5m_FAST_CfA-Stripped.flm","","Object","","","Air","Angstrom","1","Other","","1200","3","","1.01","","","","","3720","7540.5","1.4994113029827","Modjaz et al. 2014","2014AJ....147...99M","For additional info see related file and the &lt;a href=http://www.cfa.harvard.edu/supernova/SNarchive.html&gt;CfA SN Data Archive&lt;/a&gt; [Data obtained from:Modjaz, M.] [Prev. spec info - createdby: ilanm-UploadSet; modifiedby: ilanm-UploadSet]"," Migration From WISeREP1.0","2011-07-21 07:54:18"
"6984","2004aw","","179.45933","25.26531","SN Ic","0.0163","20709","2004-03-29 00:00:00.00","2453093.5","","SSO-2.3m","DBS","Unknown","Unknown","SUSPECT","Y","SUSPECT","","2004aw_2004-03-29_00-00-00_SSO-2.3m_DBS_SUSPECT.dat","","Object","","","Air","Angstrom","1","Other","","0","0","","","","","","","3600","9218.7812500001","2.0756487809383","Taubenberger 2007","2006MNRAS.371.1459T","Please note that the spectrum may have been erroneously corrected for redshift. Check e.g. Telluric/Balmer lines or check against the original source;  [Prev. spec info - createdby: upload-suspect; modifiedby: admin]"," Migration From WISeREP1.0","2011-07-21 07:54:18"
"6984","2004aw","","179.45933","25.26531","SN Ic","0.0163","20710","2004-03-29 00:00:00.00","2453093.5","","Ekar","AFOSC","Unknown","Unknown","SUSPECT","Y","SUSPECT","","2004aw_2004-03-29_00-00-00_Ekar_AFOSC_SUSPECT.dat","","Object","","","Air","Angstrom","1","Other","","0","0","","","","","","","3667.5","7811.4651491058","4.2721290196967","Taubenberger 2007","2006MNRAS.371.1459T","Please note that the spectrum may have been erroneously corrected for redshift. Check e.g. Telluric/Balmer lines or check against the original source;  [Prev. spec info - createdby: upload-suspect; modifiedby: admin]"," Migration From WISeREP1.0","2011-07-21 07:54:18"
"6984","2004aw","","179.45933","25.26531","SN Ic","0.0163","20711","2004-03-29 00:00:00.00","2453093.5","","Ekar","AFOSC","Unknown","Unknown","SUSPECT","Y","SUSPECT","","2004aw_2004-03-29_00-00-00_Ekar_AFOSC_SUSPECT_0.dat","2004aw_2004-03-29_00-00-00_Ekar_AFOSC_SUSPECT.fits","Object","","","Air","Angstrom","1","Other","","0","0","","","","","","","3600","9218.7812500001","2.0756487809383","Taubenberger 2007","2006MNRAS.371.1459T","Please note that the spectrum may have been erroneously corrected for redshift. Check e.g. Telluric/Balmer lines or check against the original source; Combination of 2004aw_20040329_SSO and 2004aw_20040329_Ekar (as presented in Fig.7) [Prev. spec info - createdby: ilanm; modifiedby: ilanm]"," Migration From WISeREP1.0","2011-07-21 07:54:18"
"6984","2004aw","","179.45933","25.26531","SN Ic","0.0163","20738","2004-03-29 06:00:00.00","2453093.75","","FLWO-1.5m","FAST","MC","Unknown","CfA-Stripped","Y","CfA-Stripped","","SN2004aw_2004-03-29_06-00-00_FLWO-1.5m_FAST_CfA-Stripped.flm","","Object","","","Air","Angstrom","1","Other","","1200","3","","1.04","","","","","3720","7540.5","1.4994113029827","Modjaz et al. 2014","2014AJ....147...99M","For additional info see related file and the &lt;a href=http://www.cfa.harvard.edu/supernova/SNarchive.html&gt;CfA SN Data Archive&lt;/a&gt; [Data obtained from:Modjaz, M.] [Prev. spec info - createdby: ilanm-UploadSet; modifiedby: ilanm-UploadSet]"," Migration From WISeREP1.0","2011-07-21 07:54:18"
"6984","2004aw","","179.45933","25.26531","SN Ic","0.0163","20739","2004-03-30 06:28:48.00","2453094.77","","FLWO-1.5m","FAST","MC","Unknown","CfA-Stripped","Y","CfA-Stripped","","SN2004aw_2004-03-30_06-28-48_FLWO-1.5m_FAST_CfA-Stripped.flm","","Object","","","Air","Angstrom","1","Other","","1200","3","","1.01","","","","","3720","7540.5","1.4994113029827","Modjaz et al. 2014","2014AJ....147...99M","For additional info see related file and the &lt;a href=http://www.cfa.harvard.edu/supernova/SNarchive.html&gt;CfA SN Data Archive&lt;/a&gt; [Data obtained from:Modjaz, M.] [Prev. spec info - createdby: ilanm-UploadSet; modifiedby: ilanm-UploadSet]"," Migration From WISeREP1.0","2011-07-21 07:54:18"
"6984","2004aw","","179.45933","25.26531","SN Ic","0.0163","20712","2004-03-31 00:00:00.00","2453095.5","","NOT","ALFOSC","Unknown","Unknown","SUSPECT","Y","SUSPECT","","2004aw_2004-03-31_00-00-00_NOT_ALFOSC_SUSPECT.dat","2004aw_2004-03-31_00-00-00_NOT_ALFOSC_SUSPECT.fits","Object","","","Air","Angstrom","1","Other","","0","0","","","","","","","3400","9060.2439846992","3.0317321824849","Taubenberger 2007","2006MNRAS.371.1459T","Please note that the spectrum may have been erroneously corrected for redshift. Check e.g. Telluric/Balmer lines or check against the original source;  [Prev. spec info - createdby: upload-suspect; modifiedby: ilanm]"," Migration From WISeREP1.0","2011-07-21 07:54:18"
"6984","2004aw","","179.45933","25.26531","SN Ic","0.0163","20713","2004-04-07 00:00:00.00","2453102.5","","TNG","DOLORES","Unknown","Unknown","SUSPECT","Y","SUSPECT","","2004aw_2004-04-07_00-00-00_TNG_DOLORES_SUSPECT.dat","2004aw_2004-04-07_00-00-00_TNG_DOLORES_SUSPECT.fits","Object","","","Air","Angstrom","1","Other","","0","0","","","","","","","3500","9547.0967402458","2.9016778983905","Taubenberger 2007","2006MNRAS.371.1459T","Please note that the spectrum may have been erroneously corrected for redshift. Check e.g. Telluric/Balmer lines or check against the original source;  [Prev. spec info - createdby: upload-suspect; modifiedby: ilanm]"," Migration From WISeREP1.0","2011-07-21 07:54:18"
"6984","2004aw","","179.45933","25.26531","SN Ic","0.0163","20714","2004-04-13 00:00:00.00","2453108.5","","CA-2.2m","CAFOS","Unknown","Unknown","SUSPECT","Y","SUSPECT","","2004aw_2004-04-13_00-00-00_CA-2.2m_CAFOS_SUSPECT.dat","2004aw_2004-04-13_00-00-00_CA-2.2m_CAFOS_SUSPECT.fits","Object","","","Air","Angstrom","1","Other","","0","0","","","","","","","3600","9295.6820468903","4.3149106415835","Taubenberger 2007","2006MNRAS.371.1459T","Please note that the spectrum may have been erroneously corrected for redshift. Check e.g. Telluric/Balmer lines or check against the original source;  [Prev. spec info - createdby: upload-suspect; modifiedby: ilanm]"," Migration From WISeREP1.0","2011-07-21 07:54:18"
"6984","2004aw","","179.45933","25.26531","SN Ic","0.0163","20715","2004-04-14 00:00:00.00","2453109.5","","CA-2.2m","CAFOS","Unknown","Unknown","SUSPECT","Y","SUSPECT","","2004aw_2004-04-14_00-00-00_CA-2.2m_CAFOS_SUSPECT.dat","2004aw_2004-04-14_00-00-00_CA-2.2m_CAFOS_SUSPECT.fits","Object","","","Air","Angstrom","1","Other","","0","0","","","","","","","3500","9749.9996757507","4.2955324231964","Taubenberger 2007","2006MNRAS.371.1459T","Please note that the spectrum may have been erroneously corrected for redshift. Check e.g. Telluric/Balmer lines or check against the original source;  [Prev. spec info - createdby: upload-suspect; modifiedby: ilanm]"," Migration From WISeREP1.0","2011-07-21 07:54:18"
"6984","2004aw","","179.45933","25.26531","SN Ic","0.0163","20740","2004-04-14 07:26:24.00","2453109.81","","FLWO-1.5m","FAST","JHuc","Unknown","CfA-Stripped","Y","CfA-Stripped","","SN2004aw_2004-04-14_07-26-24_FLWO-1.5m_FAST_CfA-Stripped.flm","","Object","","","Air","Angstrom","1","Other","","1200","3","","1.07","","","","","3720","7540.5","1.4994113029827","Modjaz et al. 2014","2014AJ....147...99M","For additional info see related file and the &lt;a href=http://www.cfa.harvard.edu/supernova/SNarchive.html&gt;CfA SN Data Archive&lt;/a&gt; [Data obtained from:Modjaz, M.] [Prev. spec info - createdby: ilanm-UploadSet; modifiedby: ilanm-UploadSet]"," Migration From WISeREP1.0","2011-07-21 07:54:18"
"6984","2004aw","","179.45933","25.26531","SN Ic","0.0163","20741","2004-04-17 05:16:48.00","2453112.72","","FLWO-1.5m","FAST","PBe","Unknown","CfA-Stripped","Y","CfA-Stripped","","SN2004aw_2004-04-17_05-16-48_FLWO-1.5m_FAST_CfA-Stripped.flm","","Object","","","Air","Angstrom","1","Other","","1200","3","","1.01","","","","","3720","7540.5","1.4994113029827","Modjaz et al. 2014","2014AJ....147...99M","For additional info see related file and the &lt;a href=http://www.cfa.harvard.edu/supernova/SNarchive.html&gt;CfA SN Data Archive&lt;/a&gt; [Data obtained from:Modjaz, M.] [Prev. spec info - createdby: ilanm-UploadSet; modifiedby: ilanm-UploadSet]"," Migration From WISeREP1.0","2011-07-21 07:54:18"
"6984","2004aw","","179.45933","25.26531","SN Ic","0.0163","20716","2004-04-18 00:00:00.00","2453113.5","","NOT","ALFOSC","Unknown","Unknown","SUSPECT","Y","SUSPECT","","2004aw_2004-04-18_00-00-00_NOT_ALFOSC_SUSPECT.dat","2004aw_2004-04-18_00-00-00_NOT_ALFOSC_SUSPECT.fits","Object","","","Air","Angstrom","1","Other","","0","0","","","","","","","3575","9061.011373043","3.0837613114351","Taubenberger 2007","2006MNRAS.371.1459T","Please note that the spectrum may have been erroneously corrected for redshift. Check e.g. Telluric/Balmer lines or check against the original source;  [Prev. spec info - createdby: upload-suspect; modifiedby: ilanm]"," Migration From WISeREP1.0","2011-07-21 07:54:18"
"6984","2004aw","","179.45933","25.26531","SN Ic","0.0163","20717","2004-04-20 00:00:00.00","2453115.5","","CA-2.2m","CAFOS","Unknown","Unknown","SUSPECT","Y","SUSPECT","","2004aw_2004-04-20_00-00-00_CA-2.2m_CAFOS_SUSPECT.dat","2004aw_2004-04-20_00-00-00_CA-2.2m_CAFOS_SUSPECT.fits","Object","","","Air","Angstrom","1","Other","","0","0","","","","","","","3500","9749.9996757507","4.2955324231964","Taubenberger 2007","2006MNRAS.371.1459T","Please note that the spectrum may have been erroneously corrected for redshift. Check e.g. Telluric/Balmer lines or check against the original source;  [Prev. spec info - createdby: upload-suspect; modifiedby: ilanm]"," Migration From WISeREP1.0","2011-07-21 07:54:18"
"6984","2004aw","","179.45933","25.26531","SN Ic","0.0163","20718","2004-04-21 00:00:00.00","2453116.5","","Ekar","AFOSC","Unknown","Unknown","SUSPECT","Y","SUSPECT","","2004aw_2004-04-21_00-00-00_Ekar_AFOSC_SUSPECT.dat","","Object","","","Air","Angstrom","1","Other","","0","0","","1.26","","gm4","gm4","","13915.357604931","24565.35737891","11.742006366019","Taubenberger 2007","2006MNRAS.371.1459T","Please note that the spectrum may have been erroneously corrected for redshift. Check e.g. Telluric/Balmer lines or check against the original source;  [Prev. spec info - createdby: upload-suspect; modifiedby: raph]"," Migration From WISeREP1.0","2011-07-21 07:54:18"
"6984","2004aw","","179.45933","25.26531","SN Ic","0.0163","20719","2004-04-21 00:00:00.00","2453116.5","","Ekar","AFOSC","Unknown","Unknown","SUSPECT","Y","SUSPECT","","2004aw_2004-04-21_00-00-00_Ekar_AFOSC_SUSPECT_0.dat","","Object","","","Air","Angstrom","1","Other","","0","0","","","","","","","3665.9530852558","7719.7540543796","4.2761613598353","Taubenberger 2007","2006MNRAS.371.1459T","Please note that the spectrum may have been erroneously corrected for redshift. Check e.g. Telluric/Balmer lines or check against the original source;  [Prev. spec info - createdby: upload-suspect; modifiedby: admin]"," Migration From WISeREP1.0","2011-07-21 07:54:18"
"6984","2004aw","","179.45933","25.26531","SN Ic","0.0163","20720","2004-04-21 00:00:00.00","2453116.5","","TNG","NICS","Unknown","Unknown","SUSPECT","Y","SUSPECT","","2004aw_2004-04-21_00-00-00_TNG_NICS_SUSPECT.dat","","Object","","","Air","Angstrom","1","Other","","0","0","","","","","","","5227.6659642537","22727.665514119","68.897636023093","Taubenberger 2007","2006MNRAS.371.1459T","Please note that the spectrum may have been erroneously corrected for redshift. Check e.g. Telluric/Balmer lines or check against the original source;  [Prev. spec info - createdby: upload-suspect; modifiedby: admin]"," Migration From WISeREP1.0","2011-07-21 07:54:18"
"6984","2004aw","","179.45933","25.26531","SN Ic","0.0163","20721","2004-04-21 00:00:00.00","2453116.5","","Ekar","AFOSC","Unknown","Unknown","SUSPECT","Y","SUSPECT","","2004aw_2004-04-21_00-00-00_Ekar_AFOSC_SUSPECT_1.dat","2004aw_2004-04-21_00-00-00_Ekar_AFOSC_SUSPECT.fits","Object","","","Air","Angstrom","1","Other","","0","0","","","","","","","7500","24999.999511719","10.849348736341","Taubenberger 2007","2006MNRAS.371.1459T","Please note that the spectrum may have been erroneously corrected for redshift. Check e.g. Telluric/Balmer lines or check against the original source; Combination of 2004aw_20040421_UKIRT and 2004aw_20040421_NICS (as presented in Fig.12, IR part) [Prev. spec info - createdby: ilanm; modifiedby: ilanm]"," Migration From WISeREP1.0","2011-07-21 07:54:18"
"6984","2004aw","","179.45933","25.26531","SN Ic","0.0163","20722","2004-04-22 00:00:00.00","2453117.5","","Ekar","AFOSC","Unknown","Unknown","SUSPECT","Y","SUSPECT","","2004aw_2004-04-22_00-00-00_Ekar_AFOSC_SUSPECT.dat","2004aw_2004-04-22_00-00-00_Ekar_AFOSC_SUSPECT.fits","Object","","","Air","Angstrom","1","Other","","0","0","","","","","","","5300","9785.7594442368","14.19544127923","Taubenberger 2007","2006MNRAS.371.1459T","Please note that the spectrum may have been erroneously corrected for redshift. Check e.g. Telluric/Balmer lines or check against the original source;  [Prev. spec info - createdby: upload-suspect; modifiedby: ilanm]"," Migration From WISeREP1.0","2011-07-21 07:54:18"
"6984","2004aw","","179.45933","25.26531","SN Ic","0.0163","20742","2004-04-22 08:24:00.00","2453117.85","","FLWO-1.5m","FAST","WBr","Unknown","CfA-Stripped","Y","CfA-Stripped","","SN2004aw_2004-04-22_08-24-00_FLWO-1.5m_FAST_CfA-Stripped.flm","","Object","","","Air","Angstrom","1","Other","","1200","3","","1.28","","","","","3720","7540.5","1.4994113029827","Modjaz et al. 2014","2014AJ....147...99M","For additional info see related file and the &lt;a href=http://www.cfa.harvard.edu/supernova/SNarchive.html&gt;CfA SN Data Archive&lt;/a&gt; [Data obtained from:Modjaz, M.] [Prev. spec info - createdby: ilanm-UploadSet; modifiedby: ilanm-UploadSet]"," Migration From WISeREP1.0","2011-07-21 07:54:18"
"6984","2004aw","","179.45933","25.26531","SN Ic","0.0163","50218","2004-04-24 08:13:55.00","2453119.8429977","","Lick-3m","KAST","Louis Desroches, Frank Serduke, Mohan Ganeshalingam","Jeffrey Silverman","UCB-SNDB","Y","UCB-SNDB","","SN_2004aw_2004-04-24_08-13-55_Lick-3m_KAST_UCB-SNDB_0.flm","","Object","","","Air","Angstrom","1","erg cm(-2) sec(-1) Ang(-1)","","","","","","","","","","3556","10534","1.9994269340974","","2019MNRAS.482.1545S","SNR: 19.9889;","WIS_Bot1","2019-01-23 10:48:35"
"6984","2004aw","","179.45933","25.26531","SN Ic","0.0163","20743","2004-04-26 06:14:24.00","2453121.76","","FLWO-1.5m","FAST","MC","Unknown","CfA-Stripped","Y","CfA-Stripped","","SN2004aw_2004-04-26_06-14-24_FLWO-1.5m_FAST_CfA-Stripped.flm","","Object","","","Air","Angstrom","1","Other","","2400","3","","1.04","","","","","3720","7521","1.4994082840237","Modjaz et al. 2014","2014AJ....147...99M","For additional info see related file and the &lt;a href=http://www.cfa.harvard.edu/supernova/SNarchive.html&gt;CfA SN Data Archive&lt;/a&gt; [Data obtained from:Modjaz, M.] [Prev. spec info - createdby: ilanm-UploadSet; modifiedby: ilanm-UploadSet]"," Migration From WISeREP1.0","2011-07-21 07:54:18"
"6984","2004aw","","179.45933","25.26531","SN Ic","0.0163","20723","2004-04-27 00:00:00.00","2453122.5","","CA-2.2m","CAFOS","Unknown","Unknown","SUSPECT","Y","SUSPECT","","2004aw_2004-04-27_00-00-00_CA-2.2m_CAFOS_SUSPECT.dat","2004aw_2004-04-27_00-00-00_CA-2.2m_CAFOS_SUSPECT.fits","Object","","","Air","Angstrom","1","Other","","0","0","","","","","","","3600","8794.2795181275","4.6753190982245","Taubenberger 2007","2006MNRAS.371.1459T","Please note that the spectrum may have been erroneously corrected for redshift. Check e.g. Telluric/Balmer lines or check against the original source;  [Prev. spec info - createdby: upload-suspect; modifiedby: ilanm]"," Migration From WISeREP1.0","2011-07-21 07:54:18"
"6984","2004aw","","179.45933","25.26531","SN Ic","0.0163","20724","2004-05-06 00:00:00.00","2453131.5","","TNG","DOLORES","Unknown","Unknown","SUSPECT","Y","SUSPECT","","2004aw_2004-05-06_00-00-00_TNG_DOLORES_SUSPECT.dat","2004aw_2004-05-06_00-00-00_TNG_DOLORES_SUSPECT.fits","Object","","","Air","Angstrom","1","Other","","0","0","","","","","","","5050","9544.2000746727","2.8976144904402","Taubenberger 2007","2006MNRAS.371.1459T","Please note that the spectrum may have been erroneously corrected for redshift. Check e.g. Telluric/Balmer lines or check against the original source;  [Prev. spec info - createdby: upload-suspect; modifiedby: ilanm]"," Migration From WISeREP1.0","2011-07-21 07:54:18"
"6984","2004aw","","179.45933","25.26531","SN Ic","0.0163","20725","2004-05-12 00:00:00.00","2453137.5","","Lick-3m","KAST","Unknown","Unknown","SUSPECT","Y","SUSPECT","","2004aw_2004-05-12_00-00-00_Lick-3m_KAST_SUSPECT.dat","2004aw_2004-05-12_00-00-00_Lick-3m_KAST_SUSPECT.fits","Object","","","Air","Angstrom","1","Other","","0","0","","1.21","","gm600","grt300","","5100","10100","1.9992003198721","Taubenberger 2007","2006MNRAS.371.1459T","Please note that the spectrum may have been erroneously corrected for redshift. Check e.g. Telluric/Balmer lines or check against the original source;  [Prev. spec info - createdby: upload-suspect; modifiedby: ilanm]"," Migration From WISeREP1.0","2011-07-21 07:54:18"
"6984","2004aw","","179.45933","25.26531","SN Ic","0.0163","50219","2004-05-12 06:18:43.00","2453137.7629977","","Lick-3m","KAST","Ryan Foley, Mohan Ganeshalingam, Diane Wong","Jeffrey Silverman","UCB-SNDB","Y","UCB-SNDB","","SN_2004aw_2004-05-12_06-18-43_Lick-3m_KAST_UCB-SNDB_0.flm","","Object","","","Air","Angstrom","1","erg cm(-2) sec(-1) Ang(-1)","","","","","","","","","","3442","10580","1.9994397759104","","2019MNRAS.482.1545S","SNR: 9.64385;","WIS_Bot1","2019-01-23 10:48:35"
"6984","2004aw","","179.45933","25.26531","SN Ic","0.0163","20744","2004-05-12 06:57:36.00","2453137.79","","FLWO-1.5m","FAST","PBe","Unknown","CfA-Stripped","Y","CfA-Stripped","","SN2004aw_2004-05-12_06-57-36_FLWO-1.5m_FAST_CfA-Stripped.flm","","Object","","","Air","Angstrom","1","Other","","1800","3","","1.27","","","","","3579.96","7326.99","1.4694235294118","Modjaz et al. 2014","2014AJ....147...99M","For additional info see related file and the &lt;a href=http://www.cfa.harvard.edu/supernova/SNarchive.html&gt;CfA SN Data Archive&lt;/a&gt; [Data obtained from:Modjaz, M.] [Prev. spec info - createdby: ilanm-UploadSet; modifiedby: ilanm-UploadSet]"," Migration From WISeREP1.0","2011-07-21 07:54:18"
"6984","2004aw","","179.45933","25.26531","SN Ic","0.0163","20745","2004-05-14 07:40:48.00","2453139.82","","FLWO-1.5m","FAST","MC","Unknown","CfA-Stripped","Y","CfA-Stripped","","SN2004aw_2004-05-14_07-40-48_FLWO-1.5m_FAST_CfA-Stripped.flm","","Object","","","Air","Angstrom","1","Other","","1200","3","","1.55","","","","","3693.98","7283.84","1.3395","Modjaz et al. 2014","2014AJ....147...99M","For additional info see related file and the &lt;a href=http://www.cfa.harvard.edu/supernova/SNarchive.html&gt;CfA SN Data Archive&lt;/a&gt; [Data obtained from:Modjaz, M.] [Prev. spec info - createdby: ilanm-UploadSet; modifiedby: ilanm-UploadSet]"," Migration From WISeREP1.0","2011-07-21 07:54:18"
"6984","2004aw","","179.45933","25.26531","SN Ic","0.0163","20726","2004-05-25 00:00:00.00","2453150.5","","Ekar","AFOSC","Unknown","Unknown","SUSPECT","Y","SUSPECT","","2004aw_2004-05-25_00-00-00_Ekar_AFOSC_SUSPECT.dat","2004aw_2004-05-25_00-00-00_Ekar_AFOSC_SUSPECT.fits","Object","","","Air","Angstrom","1","Other","","0","0","","","","","","","5250","9250.0000219345","14.598540226038","Taubenberger 2007","2006MNRAS.371.1459T","Please note that the spectrum may have been erroneously corrected for redshift. Check e.g. Telluric/Balmer lines or check against the original source;  [Prev. spec info - createdby: upload-suspect; modifiedby: ilanm]"," Migration From WISeREP1.0","2011-07-21 07:54:18"
"6984","2004aw","","179.45933","25.26531","SN Ic","0.0163","20727","2004-05-27 00:00:00.00","2453152.5","","Lick-3m","KAST","Unknown","Unknown","SUSPECT","Y","SUSPECT","","2004aw_2004-05-27_00-00-00_Lick-3m_KAST_SUSPECT.dat","2004aw_2004-05-27_00-00-00_Lick-3m_KAST_SUSPECT.fits","Object","","","Air","Angstrom","1","Other","","0","0","","","","grt600","grt600","","4050","6750","1.9985196150999","Taubenberger 2007","2006MNRAS.371.1459T","Please note that the spectrum may have been erroneously corrected for redshift. Check e.g. Telluric/Balmer lines or check against the original source;  [Prev. spec info - createdby: upload-suspect; modifiedby: ilanm]"," Migration From WISeREP1.0","2011-07-21 07:54:18"
"6984","2004aw","","179.45933","25.26531","SN Ic","0.0163","50220","2004-05-27 06:18:43.00","2453152.7629977","","Lick-3m","KAST","Ryan Foley, Mohan Ganeshalingam, Diane Wong","Jeffrey Silverman","UCB-SNDB","Y","UCB-SNDB","","SN_2004aw_2004-05-27_06-18-43_Lick-3m_KAST_UCB-SNDB_0.flm","","Object","","","Air","Angstrom","1","erg cm(-2) sec(-1) Ang(-1)","","","","","","","","","","3986","6750","1.998553868402","","2019MNRAS.482.1545S","SNR: 5.62671;","WIS_Bot1","2019-01-23 10:48:35"
"6984","2004aw","","179.45933","25.26531","SN Ic","0.0163","20728","2004-11-14 00:00:00.00","2453323.5","","Keck1","LRIS","Unknown","Unknown","SUSPECT","Y","SUSPECT","","2004aw_2004-11-14_00-00-00_Keck1_LRIS_SUSPECT.dat","2004aw_2004-11-14_00-00-00_Keck1_LRIS_SUSPECT.fits","Object","","","Air","Angstrom","1","Other","","0","0","","1.5","","gm400","grt400","","3172","9400","1.9993579454254","Taubenberger 2007","2006MNRAS.371.1459T","Please note that the spectrum may have been erroneously corrected for redshift. Check e.g. Telluric/Balmer lines or check against the original source;  [Prev. spec info - createdby: upload-suspect; modifiedby: ilanm]"," Migration From WISeREP1.0","2011-07-21 07:54:18"
"6984","2004aw","","179.45933","25.26531","SN Ic","0.0163","50217","2004-11-14 00:00:00.00","2453323.5","","Keck1","LRIS","Alex Filippenko, Ryan Foley","Ryan Foley","UCB-SNDB","Y","UCB-SNDB","","SN_2004aw_2004-11-14_00-00-00_Keck1_LRIS_UCB-SNDB_0.flm","","Object","","","Air","Angstrom","1","erg cm(-2) sec(-1) Ang(-1)","","","","","","","","","","3172","9400","1.9993579454254","","2019MNRAS.482.1545S","SNR: 2.8741;","WIS_Bot1","2019-01-23 10:48:35"
"6984","2004aw","","179.45933","25.26531","SN Ic","0.0163","20729","2004-12-08 00:00:00.00","2453347.5","","TNG","DOLORES","Unknown","Unknown","SUSPECT","Y","SUSPECT","","2004aw_2004-12-08_00-00-00_TNG_DOLORES_SUSPECT.dat","2004aw_2004-12-08_00-00-00_TNG_DOLORES_SUSPECT.fits","Object","","","Air","Angstrom","1","Other","","0","0","","","","","","","3850","8051.3953106403","2.9298433128594","Taubenberger 2007","2006MNRAS.371.1459T","Please note that the spectrum may have been erroneously corrected for redshift. Check e.g. Telluric/Balmer lines or check against the original source;  [Prev. spec info - createdby: upload-suspect; modifiedby: ilanm]"," Migration From WISeREP1.0","2011-07-21 07:54:18"
"6984","2004aw","","179.45933","25.26531","SN Ic","0.0163","20730","2005-05-11 00:00:00.00","2453501.5","","Keck1","LRIS","Unknown","Unknown","SUSPECT","Y","SUSPECT","","2004aw_2005-05-11_00-00-00_Keck1_LRIS_SUSPECT.dat","2004aw_2005-05-11_00-00-00_Keck1_LRIS_SUSPECT.fits","Object","","","Air","Angstrom","1","Other","","0","0","","1.04","","gm400 + grt400","","","3200","9350","1.9673704414587","Taubenberger 2007","2006MNRAS.371.1459T","Please note that the spectrum may have been erroneously corrected for redshift. Check e.g. Telluric/Balmer lines or check against the original source;  [Prev. spec info - createdby: upload-suspect; modifiedby: ilanm]"," Migration From WISeREP1.0","2011-07-21 07:54:18"
"6984","2004aw","","179.45933","25.26531","SN Ic","0.0163","50216","2005-05-11 09:59:02.00","2453501.9159954","","Keck1","LRIS","Ryan Foley, Alex Filippenko, Ryan Chornock, Dan Pooley","Ryan Foley","UCB-SNDB","Y","UCB-SNDB","","SN_2004aw_2005-05-11_09-59-02_Keck1_LRIS_UCB-SNDB_0.flm","","Object","","","Air","Angstrom","1","erg cm(-2) sec(-1) Ang(-1)","","","","","","","","","","3200","9350","1.9673704414587","","2019MNRAS.482.1545S","SNR: 0.440523;","WIS_Bot1","2019-01-23 10:48:35"