"Obj. ID","IAU name","Internal name/s","Obj. RA","Obj. DEC","Obj. Type","Redshift","Spec. ID","Obs-date","JD","From","Telescope","Instrument","Observer/s","Reducer/s","Source group","Public","Associated groups","End prop. period","Ascii file","Fits file","Spec. type","Spec. quality","Extinction-Corrected","WL Medium","WL Units","Flux Unit Coefficient","Spec. units","Flux Calibrated By","Exp-time","Aperture (slit)","HA","Airmass","Dichroic","Grism","Grating","Blaze","Lambda-min","Lambda-max","Del-Lambda","Contrib","Publish","Remarks","Created by","Creation date"
"9587","1999em","","70.36267","-2.86256","SN IIP","0.002392","29449","1999-10-30 00:00:00.00","2451481.5","","CTIO-0.9","CASS-DI","Unknown","Unknown","SUSPECT","Y","SUSPECT","","1999em_1999-10-30_00-00-00_CTIO-0.9_CASS-DI_SUSPECT.dat","","Object","","","Air","Angstrom","1","Other","","0","0","","","","","","","3063.8074999591","9855.3191358922","5.6595930299442","Hamuy et al. 2001","2001ApJ...558..615H","Please note that the spectrum may have been erroneously corrected for redshift. Check e.g. Telluric/Balmer lines or check against the original source;  [Prev. spec info - createdby: upload-suspect; modifiedby: adam]"," Migration From WISeREP1.0","2011-07-21 07:54:18"
"9587","1999em","","70.36267","-2.86256","SN IIP","0.002392","29450","1999-10-31 00:00:00.00","2451482.5","","Lick1m","Nickel-Spec","Unknown","Unknown","SUSPECT","Y","SUSPECT","","1999em_1999-10-31_00-00-00_Lick1m_Nickel-Spec_SUSPECT.dat","","Object","","","Air","Angstrom","1","Other","","0","0","","","","","","","3800","7449.5","1.4993837304848","Leonard et al. 2002","2002PASP..114...35L","Please note that the spectrum may have been erroneously corrected for redshift. Check e.g. Telluric/Balmer lines or check against the original source;  [Prev. spec info - createdby: upload-suspect; modifiedby: admin]"," Migration From WISeREP1.0","2011-07-21 07:54:18"
"9587","1999em","","70.36267","-2.86256","SN IIP","0.002392","29489","1999-10-31 08:16:48.00","2451482.845","","Lick1m","Nickel-Spec","Elinor Gates,Alex Filippenko","Doug Leonard","UCB-SNDB","Y","UCB-SNDB","","SN1999em_1999-10-31_08-16-48_Lick1m_Nickel-Spec_UCB-SNDB.flm","","Object","High","","Air","Angstrom","1","Other","","900","0","","1.47364","","","","","3800","7451","2.9975369458128","Leonard, et al. 2002","2002PASP..114...35L","[Class. Ref, Disc. Date, Discoverer, Disc. Ref, Blue Res, Red Res, Seeing (Ang), Pos. Angle (deg), PA (deg)] = IAUC 7296 1999-10-29 Lick Observatory Supernova Search IAUC 72940 7 0 0 -29.3181 [Data obtained from:Jeff Silverman] [Prev. spec info - createdby: admin-UploadSet; modifiedby: admin-UploadSet]"," Migration From WISeREP1.0","2011-07-21 07:54:18"
"9587","1999em","","70.36267","-2.86256","SN IIP","0.002392","29451","1999-11-01 00:00:00.00","2451483.5","","Lick1m","Nickel-Spec","Unknown","Unknown","SUSPECT","Y","SUSPECT","","1999em_1999-11-01_00-00-00_Lick1m_Nickel-Spec_SUSPECT.dat","","Object","","","Air","Angstrom","1","Other","","0","0","","","","","","","3750","7447.5","1.4993917274939","Leonard et al. 2002","2002PASP..114...35L","Please note that the spectrum may have been erroneously corrected for redshift. Check e.g. Telluric/Balmer lines or check against the original source;  [Prev. spec info - createdby: upload-suspect; modifiedby: admin]"," Migration From WISeREP1.0","2011-07-21 07:54:18"
"9587","1999em","","70.36267","-2.86256","SN IIP","0.002392","29490","1999-11-01 08:00:58.00","2451483.8340046","","Lick1m","Nickel-Spec","Elinor Gates,Alex Filippenko","Doug Leonard","UCB-SNDB","Y","UCB-SNDB","","SN1999em_1999-11-01_08-00-58_Lick1m_Nickel-Spec_UCB-SNDB.flm","","Object","High","","Air","Angstrom","1","Other","","900","0","","1.52154","","","","","3750","7449","2.9975688816856","Leonard, et al. 2002","2002PASP..114...35L","[Class. Ref, Disc. Date, Discoverer, Disc. Ref, Blue Res, Red Res, Seeing (Ang), Pos. Angle (deg), PA (deg)] = IAUC 7296 1999-10-29 Lick Observatory Supernova Search IAUC 72940 7 0 0 -32.0067 [Data obtained from:Jeff Silverman] [Prev. spec info - createdby: admin-UploadSet; modifiedby: admin-UploadSet]"," Migration From WISeREP1.0","2011-07-21 07:54:18"
"9587","1999em","","70.36267","-2.86256","SN IIP","0.002392","29452","1999-11-02 00:00:00.00","2451484.5","","Lick1m","Nickel-Spec","Unknown","Unknown","SUSPECT","Y","SUSPECT","","1999em_1999-11-02_00-00-00_Lick1m_Nickel-Spec_SUSPECT.dat","","Object","","","Air","Angstrom","1","Other","","0","0","","","","","","","3842","7398.5","1.4993676222597","Leonard et al. 2002","2002PASP..114...35L","Please note that the spectrum may have been erroneously corrected for redshift. Check e.g. Telluric/Balmer lines or check against the original source;  [Prev. spec info - createdby: upload-suspect; modifiedby: admin]"," Migration From WISeREP1.0","2011-07-21 07:54:18"
"9587","1999em","","70.36267","-2.86256","SN IIP","0.002392","29453","1999-11-02 00:00:00.00","2451484.5","","VLT-UT3","ISAAC","Unknown","Unknown","SUSPECT","Y","SUSPECT","","1999em_1999-11-02_00-00-00_VLT-UT3_ISAAC_SUSPECT.dat","","Object","","","Air","Angstrom","1","Other","","0","0","","","","","","","9822.5241668694","24997.256555885","1.0595400355408","Hamuy et al. 2001","2001ApJ...558..615H","Please note that the spectrum may have been erroneously corrected for redshift. Check e.g. Telluric/Balmer lines or check against the original source;  [Prev. spec info - createdby: upload-suspect; modifiedby: admin]"," Migration From WISeREP1.0","2011-07-21 07:54:18"
"9587","1999em","","70.36267","-2.86256","SN IIP","0.002392","29491","1999-11-02 07:40:48.00","2451484.82","","Lick1m","Nickel-Spec","Elinor Gates,Alex Filippenko","Doug Leonard","UCB-SNDB","Y","UCB-SNDB","","SN1999em_1999-11-02_07-40-48_Lick1m_Nickel-Spec_UCB-SNDB.flm","","Object","High","","Air","Angstrom","1","Other","","900","0","","1.59417","","","","","3842","7400","2.9974726200505","Leonard, et al. 2002","2002PASP..114...35L","[Class. Ref, Disc. Date, Discoverer, Disc. Ref, Blue Res, Red Res, Seeing (Ang), Pos. Angle (deg), PA (deg)] = IAUC 7296 1999-10-29 Lick Observatory Supernova Search IAUC 72940 7 0 0 -35.0106 [Data obtained from:Jeff Silverman] [Prev. spec info - createdby: admin-UploadSet; modifiedby: admin-UploadSet]"," Migration From WISeREP1.0","2011-07-21 07:54:18"
"9587","1999em","","70.36267","-2.86256","SN IIP","0.002392","29455","1999-11-03 00:00:00.00","2451485.5","","Lick1m","Nickel-Spec","Unknown","Unknown","SUSPECT","Y","SUSPECT","","1999em_1999-11-03_00-00-00_Lick1m_Nickel-Spec_SUSPECT.dat","","Object","","","Air","Angstrom","1","Other","","0","0","","","","","","","3948","7447.5","1.4993573264781","Leonard et al. 2002","2002PASP..114...35L","Please note that the spectrum may have been erroneously corrected for redshift. Check e.g. Telluric/Balmer lines or check against the original source;  [Prev. spec info - createdby: upload-suspect; modifiedby: admin]"," Migration From WISeREP1.0","2011-07-21 07:54:18"
"9587","1999em","","70.36267","-2.86256","SN IIP","0.002392","29454","1999-11-03 04:04:04.00","2451485.6694907","","ESO-NTT","EMMI","Unknown","Unknown","SUSPECT","Y","SUSPECT","","1999em_1999-11-03_04-04-04_ESO-NTT_EMMI_SUSPECT.dat","","Object","","","Air","Angstrom","1","Other","","0","0","","","","","","","3292.1318048618","10074.920938576","2.5928093018783","Hamuy et al. 2001","2001ApJ...558..615H","Please note that the spectrum may have been erroneously corrected for redshift. Check e.g. Telluric/Balmer lines or check against the original source;  [Prev. spec info - createdby: upload-suspect; modifiedby: admin]"," Migration From WISeREP1.0","2011-07-21 07:54:18"
"9587","1999em","","70.36267","-2.86256","SN IIP","0.002392","29492","1999-11-03 07:46:34.00","2451485.8240046","","Lick1m","Nickel-Spec","Elinor Gates,Alex Filippenko","Doug Leonard","UCB-SNDB","Y","UCB-SNDB","","SN1999em_1999-11-03_07-46-34_Lick1m_Nickel-Spec_UCB-SNDB.flm","","Object","High","","Air","Angstrom","1","Other","","900","0","","1.54862","","","","","3948","7449","2.9974315068493","Leonard, et al. 2002","2002PASP..114...35L","[Class. Ref, Disc. Date, Discoverer, Disc. Ref, Blue Res, Red Res, Seeing (Ang), Pos. Angle (deg), PA (deg)] = IAUC 7296 1999-10-29 Lick Observatory Supernova Search IAUC 72940 7 0 0 -33.2204 [Data obtained from:Jeff Silverman] [Prev. spec info - createdby: admin-UploadSet; modifiedby: admin-UploadSet]"," Migration From WISeREP1.0","2011-07-21 07:54:18"
"9587","1999em","","70.36267","-2.86256","SN IIP","0.002392","29456","1999-11-04 00:00:00.00","2451486.5","","Lick1m","Nickel-Spec","Unknown","Unknown","SUSPECT","Y","SUSPECT","","1999em_1999-11-04_00-00-00_Lick1m_Nickel-Spec_SUSPECT.dat","","Object","","","Air","Angstrom","1","Other","","0","0","","","","","","","3948","7447.5","1.4993573264781","Leonard et al. 2002","2002PASP..114...35L","Please note that the spectrum may have been erroneously corrected for redshift. Check e.g. Telluric/Balmer lines or check against the original source;  [Prev. spec info - createdby: upload-suspect; modifiedby: admin]"," Migration From WISeREP1.0","2011-07-21 07:54:18"
"9587","1999em","","70.36267","-2.86256","SN IIP","0.002392","29493","1999-11-04 08:00:58.00","2451486.8340046","","Lick1m","Nickel-Spec","Elinor Gates,Alex Filippenko","Doug Leonard","UCB-SNDB","Y","UCB-SNDB","","SN1999em_1999-11-04_08-00-58_Lick1m_Nickel-Spec_UCB-SNDB.flm","","Object","High","","Air","Angstrom","1","Other","","900","0","","1.47575","","","","","3948","7449","2.9974315068493","Leonard, et al. 2002","2002PASP..114...35L","[Class. Ref, Disc. Date, Discoverer, Disc. Ref, Blue Res, Red Res, Seeing (Ang), Pos. Angle (deg), PA (deg)] = IAUC 7296 1999-10-29 Lick Observatory Supernova Search IAUC 72940 7 0 0 -29.5057 [Data obtained from:Jeff Silverman] [Prev. spec info - createdby: admin-UploadSet; modifiedby: admin-UploadSet]"," Migration From WISeREP1.0","2011-07-21 07:54:18"
"9587","1999em","","70.36267","-2.86256","SN IIP","0.002392","29457","1999-11-05 00:00:00.00","2451487.5","","Lick-3m","KAST","Unknown","Unknown","SUSPECT","Y","SUSPECT","","1999em_1999-11-05_00-00-00_Lick-3m_KAST_SUSPECT.dat","","Object","","","Air","Angstrom","1","Other","","0","0","","","","","","","3400","7699","0.99976744186047","Leonard et al. 2002","2002PASP..114...35L","Please note that the spectrum may have been erroneously corrected for redshift. Check e.g. Telluric/Balmer lines or check against the original source;  [Prev. spec info - createdby: upload-suspect; modifiedby: admin]"," Migration From WISeREP1.0","2011-07-21 07:54:18"
"9587","1999em","","70.36267","-2.86256","SN IIP","0.002392","29506","1999-11-05 00:00:00.00","2451487.5","","HST","STIS","Baron","Baron et al.","CCCP","Y","CCCP","","SN1999em_1999-11-05_00-00-00_HST_STIS_CCCP.dat","","Object","","","Air","Angstrom","1","Other","","0","0","","","","","","","1680.45","2945.54","1.5446764346764","Gal-yam et al. 2008","2008ApJ...685L.117G",""," Migration From WISeREP1.0","2011-07-21 07:54:18"
"9587","1999em","","70.36267","-2.86256","SN IIP","0.002392","49353","1999-11-05 00:00:00.00","2451487.5","","Lick-3m","KAST","Alex Filippenko, Douglas Leonard, Ryan Chornock","Ryan Chornock","UCB-SNDB","Y","UCB-SNDB","","SN_1999em_1999-11-05_00-00-00_Lick-3m_KAST_UCB-SNDB_0.flm","","Object","","","Air","Angstrom","1","erg cm(-2) sec(-1) Ang(-1)","","","","","","","","","","3400","7700","1.999070199907","","2014MNRAS.442..844F","SNR: 195.289;","WIS_Bot1","2019-01-23 10:48:35"
"9587","1999em","","70.36267","-2.86256","SN IIP","0.002392","29458","1999-11-06 00:00:00.00","2451488.5","","Lick1m","Nickel-Spec","Unknown","Unknown","SUSPECT","Y","SUSPECT","","1999em_1999-11-06_00-00-00_Lick1m_Nickel-Spec_SUSPECT.dat","","Object","","","Air","Angstrom","1","Other","","0","0","","","","","","","3750","7447.5","1.4993917274939","Leonard et al. 2002","2002PASP..114...35L","Please note that the spectrum may have been erroneously corrected for redshift. Check e.g. Telluric/Balmer lines or check against the original source;  [Prev. spec info - createdby: upload-suspect; modifiedby: admin]"," Migration From WISeREP1.0","2011-07-21 07:54:18"
"9587","1999em","","70.36267","-2.86256","SN IIP","0.002392","29494","1999-11-06 08:15:22.00","2451488.8440046","","Lick1m","Nickel-Spec","Elinor Gates,Alex Filippenko","Doug Leonard","UCB-SNDB","Y","UCB-SNDB","","SN1999em_1999-11-06_08-15-22_Lick1m_Nickel-Spec_UCB-SNDB.flm","","Object","High","","Air","Angstrom","1","Other","","900","0","","1.40937","","","","","3750","7449","2.9975688816856","Leonard, et al. 2002","2002PASP..114...35L","[Class. Ref, Disc. Date, Discoverer, Disc. Ref, Blue Res, Red Res, Seeing (Ang), Pos. Angle (deg), PA (deg)] = IAUC 7296 1999-10-29 Lick Observatory Supernova Search IAUC 72940 7 0 0 -24.4208 [Data obtained from:Jeff Silverman] [Prev. spec info - createdby: admin-UploadSet; modifiedby: admin-UploadSet]"," Migration From WISeREP1.0","2011-07-21 07:54:18"
"9587","1999em","","70.36267","-2.86256","SN IIP","0.002392","29459","1999-11-07 00:00:00.00","2451489.5","","Lick1m","Nickel-Spec","Unknown","Unknown","SUSPECT","Y","SUSPECT","","1999em_1999-11-07_00-00-00_Lick1m_Nickel-Spec_SUSPECT.dat","","Object","","","Air","Angstrom","1","Other","","0","0","","","","","","","3750","7447.5","1.4993917274939","Leonard et al. 2002","2002PASP..114...35L","Please note that the spectrum may have been erroneously corrected for redshift. Check e.g. Telluric/Balmer lines or check against the original source;  [Prev. spec info - createdby: upload-suspect; modifiedby: admin]"," Migration From WISeREP1.0","2011-07-21 07:54:18"
"9587","1999em","","70.36267","-2.86256","SN IIP","0.002392","29507","1999-11-07 00:00:00.00","2451489.5","","Keck1","LRIS","Alex Filippenko, Alison Coil, Adam Riess","Alison Coil","","Y","","","SN1999em_1999-11-07_00-00-00_Keck1_LRIS_None.ascii","","Object","","","Air","Angstrom","1","Other","","0","0","","","","","","","3750","7449","2.9975688816856","","","Data was ingested from the &lt;a href=&#039;https://sne.space/&#039;&gt;Open Supernova Catalog&lt;/a&gt; [CAUTION: The uploaded spectrum may already be de-redshifted; please check.] [Prev. spec info - createdby: admin-UploadSet; modifiedby: admin-UploadSet]"," Migration From WISeREP1.0","2011-07-21 07:54:18"
"9587","1999em","","70.36267","-2.86256","SN IIP","0.002392","49354","1999-11-07 00:00:00.00","2451489.5","","Keck1","LRIS","Alex Filippenko, Alison Coil, Adam Riess","Alison Coil","UCB-SNDB","Y","UCB-SNDB","","SN_1999em_1999-11-07_00-00-00_Keck1_LRIS_UCB-SNDB_0.flm","","Object","","","Air","Angstrom","1","erg cm(-2) sec(-1) Ang(-1)","","","","","","","","","","3750","7449","2.9975688816856","","2002PASP..114...35L","SNR: 75.281;","WIS_Bot1","2019-01-23 10:48:35"
"9587","1999em","","70.36267","-2.86256","SN IIP","0.002392","29495","1999-11-07 08:13:55.00","2451489.8429977","","Lick1m","Nickel-Spec","Elinor Gates,Alex Filippenko","Doug Leonard","UCB-SNDB","Y","UCB-SNDB","","SN1999em_1999-11-07_08-13-55_Lick1m_Nickel-Spec_UCB-SNDB.flm","","Object","High","","Air","Angstrom","1","Other","","900","0","","1.40262","","","","","3750","7449","2.9975688816856","Leonard, et al. 2002","2002PASP..114...35L","[Class. Ref, Disc. Date, Discoverer, Disc. Ref, Blue Res, Red Res, Seeing (Ang), Pos. Angle (deg), PA (deg)] = IAUC 7296 1999-10-29 Lick Observatory Supernova Search IAUC 72940 7 1.15 0 -23.7673 [Data obtained from:Jeff Silverman] [Prev. spec info - createdby: admin-UploadSet; modifiedby: admin-UploadSet]"," Migration From WISeREP1.0","2011-07-21 07:54:18"
"9587","1999em","","70.36267","-2.86256","SN IIP","0.002392","29460","1999-11-08 00:00:00.00","2451490.5","","Keck1","LRIS","Unknown","Unknown","SUSPECT","Y","SUSPECT","","1999em_1999-11-08_00-00-00_Keck1_LRIS_SUSPECT.dat","","Object","","","Air","Angstrom","1","Other","","0","0","","","","","","","4010","10997.5","2.4991058655222","Leonard et al. 2002","2002PASP..114...35L","Please note that the spectrum may have been erroneously corrected for redshift. Check e.g. Telluric/Balmer lines or check against the original source;  [Prev. spec info - createdby: upload-suspect; modifiedby: admin]"," Migration From WISeREP1.0","2011-07-21 07:54:18"
"9587","1999em","","70.36267","-2.86256","SN IIP","0.002392","49359","1999-11-08 00:00:00.00","2451490.5","","Keck1","LRIS","Alex Filippenko, Alison Coil, Adam Riess","Alison Coil","UCB-SNDB","Y","UCB-SNDB","","SN_1999em_1999-11-08_00-00-00_Keck1_LRIS_UCB-SNDB_0.flm","","Object","","","Air","Angstrom","1","erg cm(-2) sec(-1) Ang(-1)","","","","","","","","","","4010","11000","4.9964260185847","","2014MNRAS.442..844F","SNR: 115.334;","WIS_Bot1","2019-01-23 10:48:35"
"9587","1999em","","70.36267","-2.86256","SN IIP","0.002392","29462","1999-11-09 00:00:00.00","2451491.5","","Keck1","LRIS","Unknown","Unknown","SUSPECT","Y","SUSPECT","","1999em_1999-11-09_00-00-00_Keck1_LRIS_SUSPECT.dat","","Object","","","Air","Angstrom","1","Other","","0","0","","","","","","","4000","9697.5","2.4989035087719","Leonard et al. 2002","2002PASP..114...35L","Please note that the spectrum may have been erroneously corrected for redshift. Check e.g. Telluric/Balmer lines or check against the original source;  [Prev. spec info - createdby: upload-suspect; modifiedby: admin]"," Migration From WISeREP1.0","2011-07-21 07:54:18"
"9587","1999em","","70.36267","-2.86256","SN IIP","0.002392","49360","1999-11-09 00:00:00.00","2451491.5","","Keck1","LRIS","Alex Filippenko, Alison Coil, Adam Riess","Alison Coil","UCB-SNDB","Y","UCB-SNDB","","SN_1999em_1999-11-09_00-00-00_Keck1_LRIS_UCB-SNDB_0.flm","","Object","","","Air","Angstrom","1","erg cm(-2) sec(-1) Ang(-1)","","","","","","","","","","4000","9700","4.9956178790535","","2014MNRAS.442..844F","SNR: 119.788;","WIS_Bot1","2019-01-23 10:48:35"
"9587","1999em","","70.36267","-2.86256","SN IIP","0.002392","29461","1999-11-09 04:01:16.00","2451491.6675463","","ESO-NTT","EMMI","Unknown","Unknown","SUSPECT","Y","SUSPECT","","1999em_1999-11-09_04-01-16_ESO-NTT_EMMI_SUSPECT.dat","","Object","","","Air","Angstrom","1","Other","","0","0","","","","","","","3292.1318048618","10074.920938576","2.5928093018783","Hamuy et al. 2001","2001ApJ...558..615H","Please note that the spectrum may have been erroneously corrected for redshift. Check e.g. Telluric/Balmer lines or check against the original source;  [Prev. spec info - createdby: upload-suspect; modifiedby: admin]"," Migration From WISeREP1.0","2011-07-21 07:54:18"
"9587","1999em","","70.36267","-2.86256","SN IIP","0.002392","29463","1999-11-14 04:09:17.00","2451496.6731134","","ESO-NTT","EMMI","Unknown","Unknown","SUSPECT","Y","SUSPECT","","1999em_1999-11-14_04-09-17_ESO-NTT_EMMI_SUSPECT.dat","","Object","","","Air","Angstrom","1","Other","","0","0","","","","","","","3292.1318048618","10074.920938576","2.5928093018783","Hamuy et al. 2001","2001ApJ...558..615H","Please note that the spectrum may have been erroneously corrected for redshift. Check e.g. Telluric/Balmer lines or check against the original source;  [Prev. spec info - createdby: upload-suspect; modifiedby: admin]"," Migration From WISeREP1.0","2011-07-21 07:54:18"
"9587","1999em","","70.36267","-2.86256","SN IIP","0.002392","29464","1999-11-18 00:00:00.00","2451500.5","","VLT-UT3","ISAAC","Unknown","Unknown","SUSPECT","Y","SUSPECT","","1999em_1999-11-18_00-00-00_VLT-UT3_ISAAC_SUSPECT.dat","","Object","","","Air","Angstrom","1","Other","","0","0","","","","","","","9809.5551627897","25260.627100274","1.0672103838572","Hamuy et al. 2001","2001ApJ...558..615H","Please note that the spectrum may have been erroneously corrected for redshift. Check e.g. Telluric/Balmer lines or check against the original source;  [Prev. spec info - createdby: upload-suspect; modifiedby: admin]"," Migration From WISeREP1.0","2011-07-21 07:54:18"
"9587","1999em","","70.36267","-2.86256","SN IIP","0.002392","29466","1999-11-19 00:00:00.00","2451501.5","","Lick1m","Nickel-Spec","Unknown","Unknown","SUSPECT","Y","SUSPECT","","1999em_1999-11-19_00-00-00_Lick1m_Nickel-Spec_SUSPECT.dat","","Object","","","Air","Angstrom","1","Other","","0","0","","","","","","","3750","7447.5","1.4993917274939","Leonard et al. 2002","2002PASP..114...35L","Please note that the spectrum may have been erroneously corrected for redshift. Check e.g. Telluric/Balmer lines or check against the original source;  [Prev. spec info - createdby: upload-suspect; modifiedby: admin]"," Migration From WISeREP1.0","2011-07-21 07:54:18"
"9587","1999em","","70.36267","-2.86256","SN IIP","0.002392","29465","1999-11-19 03:52:14.00","2451501.6612731","","ESO-NTT","EMMI","Unknown","Unknown","SUSPECT","Y","SUSPECT","","1999em_1999-11-19_03-52-14_ESO-NTT_EMMI_SUSPECT.dat","","Object","","","Air","Angstrom","1","Other","","0","0","","","","","","","3292.1318048618","10074.920938576","2.5928093018783","Hamuy et al. 2001","2001ApJ...558..615H","Please note that the spectrum may have been erroneously corrected for redshift. Check e.g. Telluric/Balmer lines or check against the original source;  [Prev. spec info - createdby: upload-suspect; modifiedby: admin]"," Migration From WISeREP1.0","2011-07-21 07:54:18"
"9587","1999em","","70.36267","-2.86256","SN IIP","0.002392","29496","1999-11-19 07:46:34.00","2451501.8240046","","Lick1m","Nickel-Spec","Elinor Gates,Doug Leonard","Doug Leonard","UCB-SNDB","Y","UCB-SNDB","","SN1999em_1999-11-19_07-46-34_Lick1m_Nickel-Spec_UCB-SNDB.flm","","Object","High","","Air","Angstrom","1","Other","","900","0","","1.35987","","","","","3750","7449","2.9975688816856","Leonard, et al. 2002","2002PASP..114...35L","[Class. Ref, Disc. Date, Discoverer, Disc. Ref, Blue Res, Red Res, Seeing (Ang), Pos. Angle (deg), PA (deg)] = IAUC 7296 1999-10-29 Lick Observatory Supernova Search IAUC 72940 7 0 0 -18.4508 [Data obtained from:Jeff Silverman] [Prev. spec info - createdby: admin-UploadSet; modifiedby: admin-UploadSet]"," Migration From WISeREP1.0","2011-07-21 07:54:18"
"9587","1999em","","70.36267","-2.86256","SN IIP","0.002392","29467","1999-11-22 00:00:00.00","2451504.5","","Lick1m","Nickel-Spec","Unknown","Unknown","SUSPECT","Y","SUSPECT","","1999em_1999-11-22_00-00-00_Lick1m_Nickel-Spec_SUSPECT.dat","","Object","","","Air","Angstrom","1","Other","","0","0","","","","","","","3750","7447.5","1.4993917274939","Leonard et al. 2002","2002PASP..114...35L","Please note that the spectrum may have been erroneously corrected for redshift. Check e.g. Telluric/Balmer lines or check against the original source;  [Prev. spec info - createdby: upload-suspect; modifiedby: admin]"," Migration From WISeREP1.0","2011-07-21 07:54:18"
"9587","1999em","","70.36267","-2.86256","SN IIP","0.002392","29497","1999-11-22 07:27:50.00","2451504.8109954","","Lick1m","Nickel-Spec","Elinor Gates,Doug Leonard","Doug Leonard","UCB-SNDB","Y","UCB-SNDB","","SN1999em_1999-11-22_07-27-50_Lick1m_Nickel-Spec_UCB-SNDB.flm","","Object","High","","Air","Angstrom","1","Other","","900","0","","1.37402","","","","","3750","7449","2.9975688816856","Leonard, et al. 2002","2002PASP..114...35L","[Class. Ref, Disc. Date, Discoverer, Disc. Ref, Blue Res, Red Res, Seeing (Ang), Pos. Angle (deg), PA (deg)] = IAUC 7296 1999-10-29 Lick Observatory Supernova Search IAUC 72940 7 0 0 -20.3862 [Data obtained from:Jeff Silverman] [Prev. spec info - createdby: admin-UploadSet; modifiedby: admin-UploadSet]"," Migration From WISeREP1.0","2011-07-21 07:54:18"
"9587","1999em","","70.36267","-2.86256","SN IIP","0.002392","29468","1999-11-24 00:00:00.00","2451506.5","","Lick1m","Nickel-Spec","Unknown","Unknown","SUSPECT","Y","SUSPECT","","1999em_1999-11-24_00-00-00_Lick1m_Nickel-Spec_SUSPECT.dat","","Object","","","Air","Angstrom","1","Other","","0","0","","","","","","","3948","7447.5","1.4993573264781","Leonard et al. 2002","2002PASP..114...35L","Please note that the spectrum may have been erroneously corrected for redshift. Check e.g. Telluric/Balmer lines or check against the original source;  [Prev. spec info - createdby: upload-suspect; modifiedby: admin]"," Migration From WISeREP1.0","2011-07-21 07:54:18"
"9587","1999em","","70.36267","-2.86256","SN IIP","0.002392","29498","1999-11-24 06:56:10.00","2451506.7890046","","Lick1m","Nickel-Spec","Elinor Gates,Doug Leonard","Doug Leonard","UCB-SNDB","Y","UCB-SNDB","","SN1999em_1999-11-24_06-56-10_Lick1m_Nickel-Spec_UCB-SNDB.flm","","Object","High","","Air","Angstrom","1","Other","","900","0","","1.42863","","","","","3948","7449","2.9974315068493","Leonard, et al. 2002","2002PASP..114...35L","[Class. Ref, Disc. Date, Discoverer, Disc. Ref, Blue Res, Red Res, Seeing (Ang), Pos. Angle (deg), PA (deg)] = IAUC 7296 1999-10-29 Lick Observatory Supernova Search IAUC 72940 7 0 0 -26.1274 [Data obtained from:Jeff Silverman] [Prev. spec info - createdby: admin-UploadSet; modifiedby: admin-UploadSet]"," Migration From WISeREP1.0","2011-07-21 07:54:18"
"9587","1999em","","70.36267","-2.86256","SN IIP","0.002392","29469","1999-11-28 00:00:00.00","2451510.5","","Lick1m","Nickel-Spec","Unknown","Unknown","SUSPECT","Y","SUSPECT","","1999em_1999-11-28_00-00-00_Lick1m_Nickel-Spec_SUSPECT.dat","","Object","","","Air","Angstrom","1","Other","","0","0","","","","","","","3948","7447.5","1.4993573264781","Leonard et al. 2002","2002PASP..114...35L","Please note that the spectrum may have been erroneously corrected for redshift. Check e.g. Telluric/Balmer lines or check against the original source;  [Prev. spec info - createdby: upload-suspect; modifiedby: admin]"," Migration From WISeREP1.0","2011-07-21 07:54:18"
"9587","1999em","","70.36267","-2.86256","SN IIP","0.002392","29470","1999-11-28 00:00:00.00","2451510.5","","VLT-UT3","ISAAC","Unknown","Unknown","SUSPECT","Y","SUSPECT","","1999em_1999-11-28_00-00-00_VLT-UT3_ISAAC_SUSPECT.dat","","Object","","","Air","Angstrom","1","Other","","0","0","","","","","","","9815.5408569803","25189.796385685","1.0707797415172","Hamuy et al. 2001","2001ApJ...558..615H","Please note that the spectrum may have been erroneously corrected for redshift. Check e.g. Telluric/Balmer lines or check against the original source;  [Prev. spec info - createdby: upload-suspect; modifiedby: admin]"," Migration From WISeREP1.0","2011-07-21 07:54:18"
"9587","1999em","","70.36267","-2.86256","SN IIP","0.002392","29499","1999-11-28 06:56:10.00","2451510.7890046","","Lick1m","Nickel-Spec","Elinor Gates,Doug Leonard","Doug Leonard","UCB-SNDB","Y","UCB-SNDB","","SN1999em_1999-11-28_06-56-10_Lick1m_Nickel-Spec_UCB-SNDB.flm","","Object","High","","Air","Angstrom","1","Other","","900","0","","1.39063","","","","","3948","7449","2.9974315068493","Leonard, et al. 2002","2002PASP..114...35L","[Class. Ref, Disc. Date, Discoverer, Disc. Ref, Blue Res, Red Res, Seeing (Ang), Pos. Angle (deg), PA (deg)] = IAUC 7296 1999-10-29 Lick Observatory Supernova Search IAUC 72940 7 0 0 -22.4709 [Data obtained from:Jeff Silverman] [Prev. spec info - createdby: admin-UploadSet; modifiedby: admin-UploadSet]"," Migration From WISeREP1.0","2011-07-21 07:54:18"
"9587","1999em","","70.36267","-2.86256","SN IIP","0.002392","29471","1999-12-02 00:00:00.00","2451514.5","","Lick1m","Nickel-Spec","Unknown","Unknown","SUSPECT","Y","SUSPECT","","1999em_1999-12-02_00-00-00_Lick1m_Nickel-Spec_SUSPECT.dat","","Object","","","Air","Angstrom","1","Other","","0","0","","","","","","","3948","7447.5","1.4993573264781","Leonard et al. 2002","2002PASP..114...35L","Please note that the spectrum may have been erroneously corrected for redshift. Check e.g. Telluric/Balmer lines or check against the original source;  [Prev. spec info - createdby: upload-suspect; modifiedby: admin]"," Migration From WISeREP1.0","2011-07-21 07:54:18"
"9587","1999em","","70.36267","-2.86256","SN IIP","0.002392","29500","1999-12-02 06:40:19.00","2451514.7779977","","Lick1m","Nickel-Spec","Elinor Gates,Alex Filippenko","Doug Leonard","UCB-SNDB","Y","UCB-SNDB","","SN1999em_1999-12-02_06-40-19_Lick1m_Nickel-Spec_UCB-SNDB.flm","","Object","High","","Air","Angstrom","1","Other","","900","0","","1.39088","","","","","3948","7449","2.9974315068493","Leonard, et al. 2002","2002PASP..114...35L","[Class. Ref, Disc. Date, Discoverer, Disc. Ref, Blue Res, Red Res, Seeing (Ang), Pos. Angle (deg), PA (deg)] = IAUC 7296 1999-10-29 Lick Observatory Supernova Search IAUC 72940 7 0 0 -22.4826 [Data obtained from:Jeff Silverman] [Prev. spec info - createdby: admin-UploadSet; modifiedby: admin-UploadSet]"," Migration From WISeREP1.0","2011-07-21 07:54:18"
"9587","1999em","","70.36267","-2.86256","SN IIP","0.002392","29472","1999-12-05 00:00:00.00","2451517.5","","Keck1","LRIS","Unknown","Unknown","SUSPECT","Y","SUSPECT","","1999em_1999-12-05_00-00-00_Keck1_LRIS_SUSPECT.dat","","Object","","","Air","Angstrom","1","Other","","0","0","","","","","","","4000","9997.5","2.4989583333333","Leonard et al. 2002","2002PASP..114...35L","Please note that the spectrum may have been erroneously corrected for redshift. Check e.g. Telluric/Balmer lines or check against the original source;  [Prev. spec info - createdby: upload-suspect; modifiedby: admin]"," Migration From WISeREP1.0","2011-07-21 07:54:18"
"9587","1999em","","70.36267","-2.86256","SN IIP","0.002392","49355","1999-12-05 00:00:00.00","2451517.5","","Keck1","LRIS","Alex Filippenko","Alison Coil","UCB-SNDB","Y","UCB-SNDB","","SN_1999em_1999-12-05_00-00-00_Keck1_LRIS_UCB-SNDB_0.flm","","Object","","","Air","Angstrom","1","erg cm(-2) sec(-1) Ang(-1)","","","","","","","","","","4000","10000","4.9958368026644","","2014MNRAS.442..844F","SNR: 71.2605;","WIS_Bot1","2019-01-23 10:48:35"
"9587","1999em","","70.36267","-2.86256","SN IIP","0.002392","29473","1999-12-08 00:00:00.00","2451520.5","","Lick-3m","KAST","Unknown","Unknown","SUSPECT","Y","SUSPECT","","1999em_1999-12-08_00-00-00_Lick-3m_KAST_SUSPECT.dat","","Object","","","Air","Angstrom","1","Other","","0","0","","","","","","","4240","6989","0.99963636363636","Leonard et al. 2002","2002PASP..114...35L","Please note that the spectrum may have been erroneously corrected for redshift. Check e.g. Telluric/Balmer lines or check against the original source;  [Prev. spec info - createdby: upload-suspect; modifiedby: admin]"," Migration From WISeREP1.0","2011-07-21 07:54:18"
"9587","1999em","","70.36267","-2.86256","SN IIP","0.002392","49365","1999-12-08 00:00:00.00","2451520.5","","Lick-3m","KAST","Douglas Leonard, D. Ardila","Douglas Leonard","UCB-SNDB","Y","UCB-SNDB","","SN_1999em_1999-12-08_00-00-00_Lick-3m_KAST_UCB-SNDB_0.flm","","Object","","","Air","Angstrom","1","erg cm(-2) sec(-1) Ang(-1)","","","","","","","","","","4240","6990","1.9985465116279","","2014MNRAS.442..844F","SNR: 41.0732;","WIS_Bot1","2019-01-23 10:48:35"
"9587","1999em","","70.36267","-2.86256","SN IIP","0.002392","29474","1999-12-12 00:00:00.00","2451524.5","","Lick1m","Nickel-Spec","Unknown","Unknown","SUSPECT","Y","SUSPECT","","1999em_1999-12-12_00-00-00_Lick1m_Nickel-Spec_SUSPECT.dat","","Object","","","Air","Angstrom","1","Other","","0","0","","","","","","","3948","8647.5","1.4995213784301","Leonard et al. 2002","2002PASP..114...35L","Please note that the spectrum may have been erroneously corrected for redshift. Check e.g. Telluric/Balmer lines or check against the original source;  [Prev. spec info - createdby: upload-suspect; modifiedby: admin]"," Migration From WISeREP1.0","2011-07-21 07:54:18"
"9587","1999em","","70.36267","-2.86256","SN IIP","0.002392","29501","1999-12-12 06:28:48.00","2451524.77","","Lick1m","Nickel-Spec","Elinor Gates","Doug Leonard","UCB-SNDB","Y","UCB-SNDB","","SN1999em_1999-12-12_06-28-48_Lick1m_Nickel-Spec_UCB-SNDB.flm","","Object","High","","Air","Angstrom","1","Other","","900","0","","1.34114","","","","","3948","8649","2.9980867346939","Leonard, et al. 2002","2002PASP..114...35L","[Class. Ref, Disc. Date, Discoverer, Disc. Ref, Blue Res, Red Res, Seeing (Ang), Pos. Angle (deg), PA (deg)] = IAUC 7296 1999-10-29 Lick Observatory Supernova Search IAUC 72940 7 0 0 -14.8994 [Data obtained from:Jeff Silverman] [Prev. spec info - createdby: admin-UploadSet; modifiedby: admin-UploadSet]"," Migration From WISeREP1.0","2011-07-21 07:54:18"
"9587","1999em","","70.36267","-2.86256","SN IIP","0.002392","29475","1999-12-15 00:00:00.00","2451527.5","","Lick1m","Nickel-Spec","Unknown","Unknown","SUSPECT","Y","SUSPECT","","1999em_1999-12-15_00-00-00_Lick1m_Nickel-Spec_SUSPECT.dat","","Object","","","Air","Angstrom","1","Other","","0","0","","","","","","","3948","8647.5","1.4995213784301","Leonard et al. 2002","2002PASP..114...35L","Please note that the spectrum may have been erroneously corrected for redshift. Check e.g. Telluric/Balmer lines or check against the original source;  [Prev. spec info - createdby: upload-suspect; modifiedby: admin]"," Migration From WISeREP1.0","2011-07-21 07:54:18"
"9587","1999em","","70.36267","-2.86256","SN IIP","0.002392","29508","1999-12-15 00:00:00.00","2451527.5","","Keck1","LRIS","Alex Filippenko","Thomas Matheson","","Y","","","SN1999em_1999-12-15_00-00-00_Keck1_LRIS_None.ascii","","Object","","","Air","Angstrom","1","Other","","0","0","","","","","","","3948","8649","2.9980867346939","","","Data was ingested from the &lt;a href=&#039;https://sne.space/&#039;&gt;Open Supernova Catalog&lt;/a&gt; [CAUTION: The uploaded spectrum may already be de-redshifted; please check.] [Prev. spec info - createdby: admin-UploadSet; modifiedby: admin-UploadSet]"," Migration From WISeREP1.0","2011-07-21 07:54:18"
"9587","1999em","","70.36267","-2.86256","SN IIP","0.002392","49356","1999-12-15 00:00:00.00","2451527.5","","Keck1","LRIS","Alex Filippenko","Thomas Matheson","UCB-SNDB","Y","UCB-SNDB","","SN_1999em_1999-12-15_00-00-00_Keck1_LRIS_UCB-SNDB_0.flm","","Object","","","Air","Angstrom","1","erg cm(-2) sec(-1) Ang(-1)","","","","","","","","","","3948","8649","2.9980867346939","","2002PASP..114...35L","SNR: 33.276;","WIS_Bot1","2019-01-23 10:48:35"
"9587","1999em","","70.36267","-2.86256","SN IIP","0.002392","29502","1999-12-15 06:07:12.00","2451527.755","","Lick1m","Nickel-Spec","Elinor Gates","Doug Leonard","UCB-SNDB","Y","UCB-SNDB","","SN1999em_1999-12-15_06-07-12_Lick1m_Nickel-Spec_UCB-SNDB.flm","","Object","High","","Air","Angstrom","1","Other","","900","0","","1.3569","","","","","3948","8649","2.9980867346939","Leonard, et al. 2002","2002PASP..114...35L","[Class. Ref, Disc. Date, Discoverer, Disc. Ref, Blue Res, Red Res, Seeing (Ang), Pos. Angle (deg), PA (deg)] = IAUC 7296 1999-10-29 Lick Observatory Supernova Search IAUC 72940 7 1 0 -17.9469 [Data obtained from:Jeff Silverman] [Prev. spec info - createdby: admin-UploadSet; modifiedby: admin-UploadSet]"," Migration From WISeREP1.0","2011-07-21 07:54:18"
"9587","1999em","","70.36267","-2.86256","SN IIP","0.002392","29476","1999-12-16 05:58:04.00","2451528.7486574","","Bok","BC-Bok","Unknown","Unknown","SUSPECT","Y","SUSPECT","","1999em_1999-12-16_05-58-04_Bok_BC-Bok_SUSPECT.dat","","Object","","","Air","Angstrom","1","Other","","0","0","","","","","","","4907.0017578006","9257.0885644768","3.6432887828109","Hamuy et al. 2001","2001ApJ...558..615H","Please note that the spectrum may have been erroneously corrected for redshift. Check e.g. Telluric/Balmer lines or check against the original source;  [Prev. spec info - createdby: upload-suspect; modifiedby: admin]"," Migration From WISeREP1.0","2011-07-21 07:54:18"
"9587","1999em","","70.36267","-2.86256","SN IIP","0.002392","29477","1999-12-17 00:00:00.00","2451529.5","","Lick-3m","KAST","Unknown","Unknown","SUSPECT","Y","SUSPECT","","1999em_1999-12-17_00-00-00_Lick-3m_KAST_SUSPECT.dat","","Object","","","Air","Angstrom","1","Other","","0","0","","","","","","","4240","6857","0.99961802902979","Leonard et al. 2002","2002PASP..114...35L","Please note that the spectrum may have been erroneously corrected for redshift. Check e.g. Telluric/Balmer lines or check against the original source;  [Prev. spec info - createdby: upload-suspect; modifiedby: admin]"," Migration From WISeREP1.0","2011-07-21 07:54:18"
"9587","1999em","","70.36267","-2.86256","SN IIP","0.002392","49366","1999-12-17 00:00:00.00","2451529.5","","Lick-3m","KAST","Douglas Leonard, Ryan Chornock, Alison Coil","Douglas Leonard","UCB-SNDB","Y","UCB-SNDB","","SN_1999em_1999-12-17_00-00-00_Lick-3m_KAST_UCB-SNDB_0.flm","","Object","","","Air","Angstrom","1","erg cm(-2) sec(-1) Ang(-1)","","","","","","","","","","4240","6858","1.9984732824427","","2014MNRAS.442..844F","SNR: 30.2036;","WIS_Bot1","2019-01-23 10:48:35"
"9587","1999em","","70.36267","-2.86256","SN IIP","0.002392","29478","1999-12-31 05:57:15.00","2451543.7480903","","Bok","BC-Bok","Unknown","Unknown","SUSPECT","Y","SUSPECT","","1999em_1999-12-31_05-57-15_Bok_BC-Bok_SUSPECT.dat","","Object","","","Air","Angstrom","1","Other","","0","0","","","","","","","3092.6086651732","7109.6349420338","3.6685171478179","Hamuy et al. 2001","2001ApJ...558..615H","Please note that the spectrum may have been erroneously corrected for redshift. Check e.g. Telluric/Balmer lines or check against the original source;  [Prev. spec info - createdby: upload-suspect; modifiedby: admin]"," Migration From WISeREP1.0","2011-07-21 07:54:18"
"9587","1999em","","70.36267","-2.86256","SN IIP","0.002392","29479","2000-01-13 00:00:00.00","2451556.5","","P200","DBSP","Unknown","Unknown","SUSPECT","Y","SUSPECT","","1999em_2000-01-13_00-00-00_P200_DBSP_SUSPECT.dat","","Object","","","Air","Angstrom","1","Other","","0","0","","","","","","","3500","9995","4.9961538461538","Leonard et al. 2002","2002PASP..114...35L","Please note that the spectrum may have been erroneously corrected for redshift. Check e.g. Telluric/Balmer lines or check against the original source;  [Prev. spec info - createdby: upload-suspect; modifiedby: admin]"," Migration From WISeREP1.0","2011-07-21 07:54:18"
"9587","1999em","","70.36267","-2.86256","SN IIP","0.002392","49368","2000-01-13 00:00:00.00","2451556.5","","P200","DBSP","Alan Harris, Schelte Bus","Doug Leonard","UCB-SNDB","Y","UCB-SNDB","","SN_1999em_2000-01-13_00-00-00_P200_DBSP_UCB-SNDB_0.flm","","Object","","","Air","Angstrom","1","erg cm(-2) sec(-1) Ang(-1)","","","","","","","","","","3500","10000","9.9846390168971","","2002PASP..114...35L","SNR: 32.6605;","WIS_Bot1","2019-01-23 10:48:35"
"9587","1999em","","70.36267","-2.86256","SN IIP","0.002392","29480","2000-02-01 00:00:00.00","2451575.5","","Keck1","LRIS","Unknown","Unknown","SUSPECT","Y","SUSPECT","","1999em_2000-02-01_00-00-00_Keck1_LRIS_SUSPECT.dat","","Object","","","Air","Angstrom","1","Other","","0","0","","","","","","","4510","7009.375","0.62484375","Leonard et al. 2002","2002PASP..114...35L","Please note that the spectrum may have been erroneously corrected for redshift. Check e.g. Telluric/Balmer lines or check against the original source;  [Prev. spec info - createdby: upload-suspect; modifiedby: admin]"," Migration From WISeREP1.0","2011-07-21 07:54:18"
"9587","1999em","","70.36267","-2.86256","SN IIP","0.002392","29503","2000-02-01 05:15:22.00","2451575.7190046","","Keck1","LRIS","Willem van Breugel","Doug Leonard","UCB-SNDB","Y","UCB-SNDB","","SN1999em_2000-02-01_05-15-22_Keck1_LRIS_UCB-SNDB.flm","","Object","High","","Air","Angstrom","1","Other","","120","0","","1.12317","","","","","4510","7010","1.2493753123438","Leonard, et al. 2002","2002PASP..114...35L","[Class. Ref, Disc. Date, Discoverer, Disc. Ref, Blue Res, Red Res, Seeing (Ang), Pos. Angle (deg), PA (deg)] = IAUC 7296 1999-10-29 Lick Observatory Supernova Search IAUC 72940 3 0 -35.9996 -34.066 [Data obtained from:Jeff Silverman] [Prev. spec info - createdby: admin-UploadSet; modifiedby: admin-UploadSet]"," Migration From WISeREP1.0","2011-07-21 07:54:18"
"9587","1999em","","70.36267","-2.86256","SN IIP","0.002392","29481","2000-02-02 00:00:00.00","2451576.5","","Lick1m","Nickel-Spec","Unknown","Unknown","SUSPECT","Y","SUSPECT","","1999em_2000-02-02_00-00-00_Lick1m_Nickel-Spec_SUSPECT.dat","","Object","","","Air","Angstrom","1","Other","","0","0","","","","","","","3948","7447.5","1.4993573264781","Leonard et al. 2002","2002PASP..114...35L","Please note that the spectrum may have been erroneously corrected for redshift. Check e.g. Telluric/Balmer lines or check against the original source;  [Prev. spec info - createdby: upload-suspect; modifiedby: admin]"," Migration From WISeREP1.0","2011-07-21 07:54:18"
"9587","1999em","","70.36267","-2.86256","SN IIP","0.002392","49357","2000-02-02 00:00:00.00","2451576.5","","Lick1m","Nickel-Spec","Elinor Gates","Doug Leonard","UCB-SNDB","Y","UCB-SNDB","","SN_1999em_2000-02-02_00-00-00_Lick1m_Nickel-Spec_UCB-SNDB_0.flm","","Object","","","Air","Angstrom","1","erg cm(-2) sec(-1) Ang(-1)","","","","","","","","","","3948","7449","2.9974315068493","","2002PASP..114...35L","SNR: 13.5801;","WIS_Bot1","2019-01-23 10:48:35"
"9587","1999em","","70.36267","-2.86256","SN IIP","0.002392","29482","2000-03-01 00:00:00.00","2451604.5","","Keck1","LRIS","Unknown","Unknown","SUSPECT","Y","SUSPECT","","1999em_2000-03-01_00-00-00_Keck1_LRIS_SUSPECT.dat","","Object","","","Air","Angstrom","1","Other","","0","0","","","","","","","3700","8499","0.99979166666667","Leonard et al. 2002","2002PASP..114...35L","Please note that the spectrum may have been erroneously corrected for redshift. Check e.g. Telluric/Balmer lines or check against the original source;  [Prev. spec info - createdby: upload-suspect; modifiedby: admin]"," Migration From WISeREP1.0","2011-07-21 07:54:18"
"9587","1999em","","70.36267","-2.86256","SN IIP","0.002392","29504","2000-03-01 06:04:19.00","2451604.7529977","","Keck1","LRIS","Matthew Malkan,Rick Edelson,James Colbert","Doug Leonard","UCB-SNDB","Y","UCB-SNDB","","SN1999em_2000-03-01_06-04-19_Keck1_LRIS_UCB-SNDB.flm","","Object","High","","Air","Angstrom","1","Other","","60","0","","1.20944","","","","","3700","8500","1.9991670137443","Leonard, et al. 2002","2002PASP..114...35L","[Class. Ref, Disc. Date, Discoverer, Disc. Ref, Blue Res, Red Res, Seeing (Ang), Pos. Angle (deg), PA (deg)] = IAUC 7296 1999-10-29 Lick Observatory Supernova Search IAUC 72944.5 7 0 NULL 45.8597 [Data obtained from:Jeff Silverman] [Prev. spec info - createdby: admin-UploadSet; modifiedby: admin-UploadSet]"," Migration From WISeREP1.0","2011-07-21 07:54:18"
"9587","1999em","","70.36267","-2.86256","SN IIP","0.002392","29483","2000-03-15 00:00:00.00","2451618.5","","Lick-3m","KAST","Unknown","Unknown","SUSPECT","Y","SUSPECT","","1999em_2000-03-15_00-00-00_Lick-3m_KAST_SUSPECT.dat","","Object","","","Air","Angstrom","1","Other","","0","0","","","","","","","3300","10499","0.99986111111111","Leonard et al. 2002","2002PASP..114...35L","Please note that the spectrum may have been erroneously corrected for redshift. Check e.g. Telluric/Balmer lines or check against the original source;  [Prev. spec info - createdby: upload-suspect; modifiedby: admin]"," Migration From WISeREP1.0","2011-07-21 07:54:18"
"9587","1999em","","70.36267","-2.86256","SN IIP","0.002392","49358","2000-03-15 00:00:00.00","2451618.5","","Lick-3m","KAST","Alex Filippenko, Alison Coil","Ryan Chornock","UCB-SNDB","Y","UCB-SNDB","","SN_1999em_2000-03-15_00-00-00_Lick-3m_KAST_UCB-SNDB_0.flm","","Object","","","Air","Angstrom","1","erg cm(-2) sec(-1) Ang(-1)","","","","","","","","","","3300","10500","1.9994445987226","","2014MNRAS.442..844F","SNR: 11.5237;","WIS_Bot1","2019-01-23 10:48:35"
"9587","1999em","","70.36267","-2.86256","SN IIP","0.002392","29484","2000-04-05 00:00:00.00","2451639.5","","Keck1","LRIS","Unknown","Unknown","SUSPECT","Y","SUSPECT","","1999em_2000-04-05_00-00-00_Keck1_LRIS_SUSPECT.dat","","Object","","","Air","Angstrom","1","Other","","0","0","","","","","","","4352","6847","0.99959935897436","Leonard et al. 2002","2002PASP..114...35L","Please note that the spectrum may have been erroneously corrected for redshift. Check e.g. Telluric/Balmer lines or check against the original source;  [Prev. spec info - createdby: upload-suspect; modifiedby: admin]"," Migration From WISeREP1.0","2011-07-21 07:54:18"
"9587","1999em","","70.36267","-2.86256","SN IIP","0.002392","49361","2000-04-05 00:00:00.00","2451639.5","","Keck1","LRIS","Alex Filippenko, Aaron Barth","Douglas Leonard","UCB-SNDB","Y","UCB-SNDB","","SN_1999em_2000-04-05_00-00-00_Keck1_LRIS_UCB-SNDB_0.flm","","Object","","","Air","Angstrom","1","erg cm(-2) sec(-1) Ang(-1)","","","","","","","","","","4352","6848","1.9983987189752","","2014MNRAS.442..844F","SNR: 12.6905;","WIS_Bot1","2019-01-23 10:48:35"
"9587","1999em","","70.36267","-2.86256","SN IIP","0.002392","29485","2000-04-09 00:00:00.00","2451643.5","","Keck1","LRIS","Unknown","Unknown","SUSPECT","Y","SUSPECT","","1999em_2000-04-09_00-00-00_Keck1_LRIS_SUSPECT.dat","","Object","","","Air","Angstrom","1","Other","","0","0","","","","","","","3752","8647","0.99979575163399","Leonard et al. 2002","2002PASP..114...35L","Please note that the spectrum may have been erroneously corrected for redshift. Check e.g. Telluric/Balmer lines or check against the original source;  [Prev. spec info - createdby: upload-suspect; modifiedby: admin]"," Migration From WISeREP1.0","2011-07-21 07:54:18"
"9587","1999em","","70.36267","-2.86256","SN IIP","0.002392","29505","2000-04-09 05:28:19.00","2451643.7279977","","Keck1","LRIS","Robert Becker,Michael Brotherton,Richard White","Doug Leonard","UCB-SNDB","Y","UCB-SNDB","","SN1999em_2000-04-09_05-28-19_Keck1_LRIS_UCB-SNDB.flm","","Object","High","","Air","Angstrom","1","Other","","300","0","","1.95864","","","","","3752","8648","1.9991833401388","Leonard, et al. 2002","2002PASP..114...35L","[Class. Ref, Disc. Date, Discoverer, Disc. Ref, Blue Res, Red Res, Seeing (Ang), Pos. Angle (deg), PA (deg)] = IAUC 7296 1999-10-29 Lick Observatory Supernova Search IAUC 72944.5 7 1.5 66.0003 64.4791 [Data obtained from:Jeff Silverman] [Prev. spec info - createdby: admin-UploadSet; modifiedby: admin-UploadSet]"," Migration From WISeREP1.0","2011-07-21 07:54:18"
"9587","1999em","","70.36267","-2.86256","SN IIP","0.002392","29486","2000-09-06 00:00:00.00","2451793.5","","Lick-3m","KAST","Unknown","Unknown","SUSPECT","Y","SUSPECT","","1999em_2000-09-06_00-00-00_Lick-3m_KAST_SUSPECT.dat","","Object","","","Air","Angstrom","1","Other","","0","0","","","","","","","3300","10449","0.99986013986014","Leonard et al. 2002","2002PASP..114...35L","Please note that the spectrum may have been erroneously corrected for redshift. Check e.g. Telluric/Balmer lines or check against the original source;  [Prev. spec info - createdby: upload-suspect; modifiedby: admin]"," Migration From WISeREP1.0","2011-07-21 07:54:18"
"9587","1999em","","70.36267","-2.86256","SN IIP","0.002392","49362","2000-09-06 00:00:00.00","2451793.5","","Lick-3m","KAST","Alex Filippenko, Ryan Chornock, Weidong Li","Ryan Chornock","UCB-SNDB","Y","UCB-SNDB","","SN_1999em_2000-09-06_00-00-00_Lick-3m_KAST_UCB-SNDB_0.flm","","Object","","","Air","Angstrom","1","erg cm(-2) sec(-1) Ang(-1)","","","","","","","","","","3300","10450","1.9994407158837","","2014MNRAS.442..844F","SNR: 4.95084;","WIS_Bot1","2019-01-23 10:48:35"
"9587","1999em","","70.36267","-2.86256","SN IIP","0.002392","29487","2000-09-26 00:00:00.00","2451813.5","","Lick-3m","KAST","Unknown","Unknown","SUSPECT","Y","SUSPECT","","1999em_2000-09-26_00-00-00_Lick-3m_KAST_SUSPECT.dat","","Object","","","Air","Angstrom","1","Other","","0","0","","","","","","","3300","7799","0.99977777777778","Leonard et al. 2002","2002PASP..114...35L","Please note that the spectrum may have been erroneously corrected for redshift. Check e.g. Telluric/Balmer lines or check against the original source;  [Prev. spec info - createdby: upload-suspect; modifiedby: admin]"," Migration From WISeREP1.0","2011-07-21 07:54:18"
"9587","1999em","","70.36267","-2.86256","SN IIP","0.002392","49363","2000-09-26 00:00:00.00","2451813.5","","Lick-3m","KAST","Alex Filippenko, Ryan Chornock, Weidong Li","Ryan Chornock","UCB-SNDB","Y","UCB-SNDB","","SN_1999em_2000-09-26_00-00-00_Lick-3m_KAST_UCB-SNDB_0.flm","","Object","","","Air","Angstrom","1","erg cm(-2) sec(-1) Ang(-1)","","","","","","","","","","3300","7800","1.9991115059973","","2014MNRAS.442..844F","SNR: 8.16992;","WIS_Bot1","2019-01-23 10:48:35"
"9587","1999em","","70.36267","-2.86256","SN IIP","0.002392","29509","2000-12-21 00:00:00.00","2451899.5","","Lick-3m","KAST","Alex Filippenko, Ryan Chornock, Maryam Modjaz","Ryan Chornock","","Y","","","SN1999em_2000-12-21_00-00-00_Lick-3m_KAST_None.ascii","","Object","","","Air","Angstrom","1","Other","","0","0","","","","","","","3260","10520","1.9994491875516","","","Data was ingested from the &lt;a href=&#039;https://sne.space/&#039;&gt;Open Supernova Catalog&lt;/a&gt; [CAUTION: The uploaded spectrum may already be de-redshifted; please check.] [Prev. spec info - createdby: admin-UploadSet; modifiedby: admin-UploadSet]"," Migration From WISeREP1.0","2011-07-21 07:54:18"
"9587","1999em","","70.36267","-2.86256","SN IIP","0.002392","49367","2000-12-21 00:00:00.00","2451899.5","","Lick-3m","KAST","Alex Filippenko, Ryan Chornock, Maryam Modjaz","Ryan Chornock","UCB-SNDB","Y","UCB-SNDB","","SN_1999em_2000-12-21_00-00-00_Lick-3m_KAST_UCB-SNDB_0.flm","","Object","","","Air","Angstrom","1","erg cm(-2) sec(-1) Ang(-1)","","","","","","","","","","3260","10520","1.9994491875516","","2014MNRAS.442..844F","SNR: 5.5596;","WIS_Bot1","2019-01-23 10:48:35"
"9587","1999em","","70.36267","-2.86256","SN IIP","0.002392","29488","2001-03-29 00:00:00.00","2451997.5","","Keck1","LRIS","Unknown","Unknown","SUSPECT","Y","SUSPECT","","1999em_2001-03-29_00-00-00_Keck1_LRIS_SUSPECT.dat","","Object","","","Air","Angstrom","1","Other","","0","0","","","","","","","4340","6869","0.999604743083","Leonard et al. 2002","2002PASP..114...35L","Please note that the spectrum may have been erroneously corrected for redshift. Check e.g. Telluric/Balmer lines or check against the original source;  [Prev. spec info - createdby: upload-suspect; modifiedby: admin]"," Migration From WISeREP1.0","2011-07-21 07:54:18"
"9587","1999em","","70.36267","-2.86256","SN IIP","0.002392","49364","2001-03-29 00:00:00.00","2451997.5","","Keck1","LRIS","Alex Filippenko, Aaron Barth","Aaron Barth","UCB-SNDB","Y","UCB-SNDB","","SN_1999em_2001-03-29_00-00-00_Keck1_LRIS_UCB-SNDB_0.flm","","Object","","","Air","Angstrom","1","erg cm(-2) sec(-1) Ang(-1)","","","","","","","","","","4340","6870","1.998420221169","","2014MNRAS.442..844F","SNR: 3.97782;","WIS_Bot1","2019-01-23 10:48:35"