"Obj. ID","IAU name","Internal name/s","Obj. RA","Obj. DEC","Obj. Type","Redshift","Spec. ID","Obs-date","JD","From","Telescope","Instrument","Observer/s","Reducer/s","Source group","Public","Associated groups","End prop. period","Ascii file","Fits file","Spec. type","Spec. quality","Extinction-Corrected","WL Medium","WL Units","Flux Unit Coefficient","Spec. units","Flux Calibrated By","Exp-time","Aperture (slit)","HA","Airmass","Dichroic","Grism","Grating","Blaze","Lambda-min","Lambda-max","Del-Lambda","Contrib","Publish","Remarks","Created by","Creation date"
"9568","2012au","","193.717417","-10.247222","SN Ib","0.0045","48706","2012-03-15 12:23:02.00","2456002.0159954","","Keck1","LRIS","Jeffrey Silverman, Brad Cenko, Adam Miller, Peter Nugent","Jeffrey Silverman","UCB-SNDB","Y","UCB-SNDB","","SN_2012au_2012-03-15_12-23-02_Keck1_LRIS_UCB-SNDB_0.flm","","Object","","","Air","Angstrom","1","erg cm(-2) sec(-1) Ang(-1)","","","","","","","","","","3130","10200","0.99985857728751","","2019MNRAS.482.1545S","SNR: 132.975;","WIS_Bot1","2019-01-23 10:48:35"
"9568","2012au","","193.717417","-10.247222","SN Ib","0.0045","29408","2012-03-17 00:00:00.00","2456003.5","","FLWO-1.5m","FAST","Unknown","Unknown","","Y","","","SN2012au_2012-03-17_00-00-00_FLWO-1.5m_FAST_None.flm","","Object","","","Air","Angstrom","1","Other","","0","0","","","","","","","3477","7418.07","1.469451901566","Milisavljevic et al. 2013","2013ApJ...770L..38M","[Data obtained from:Dan Milisavljevic] [Prev. spec info - createdby: ofer-UploadSet; modifiedby: ofer-UploadSet]"," Migration From WISeREP1.0","2013-11-21 13:07:57"
"9568","2012au","","193.717417","-10.247222","SN Ib","0.0045","29409","2012-03-27 00:00:00.00","2456013.5","","MMT","MMT-Blue","D. Milisavljevic","D. Milisavljevic","","Y","","","SN2012au_2012-03-27_00-00-00_MMT_MMT-Blue_None.flm","","Object","","","Air","Angstrom","1","Other","","0","0","","","","","","","3342","8534.85","1.949268018018","Milisavljevic et al. 2013","2013ApJ...770L..38M","[Data obtained from:Dan Milisavljevic] [Prev. spec info - createdby: ofer-UploadSet; modifiedby: ofer-UploadSet]"," Migration From WISeREP1.0","2013-11-21 13:07:57"
"9568","2012au","","193.717417","-10.247222","SN Ib","0.0045","29410","2012-04-21 00:00:00.00","2456038.5","","Magellan-Baade","FIRE","Unknown","Unknown","","Y","","","SN2012au_2012-04-21_00-00-00_Magellan-Baade_FIRE_None.txt","","Object","","","Air","Micrometre","1","Other","","0","0","","","","","","","0.802709","2.7108","0.0009353387254902","Milisavljevic et al. 2013","2013ApJ...770L..38M","[Data obtained from:Dan Milisavljevic] [Prev. spec info - createdby: ofer-UploadSet; modifiedby: ofer-UploadSet]"," Migration From WISeREP1.0","2013-11-21 13:07:57"
"9568","2012au","","193.717417","-10.247222","SN Ib","0.0045","29411","2012-05-17 00:00:00.00","2456064.5","","FLWO-1.5m","FAST","Unknown","Unknown","","Y","","","SN2012au_2012-05-17_00-00-00_FLWO-1.5m_FAST_None.flm","","Object","","","Air","Angstrom","1","Other","","0","0","","","","","","","3473","7414.07","1.469451901566","Milisavljevic et al. 2013","2013ApJ...770L..38M","[Data obtained from:Dan Milisavljevic] [Prev. spec info - createdby: ofer-UploadSet; modifiedby: ofer-UploadSet]"," Migration From WISeREP1.0","2013-11-21 13:07:57"
"9568","2012au","","193.717417","-10.247222","SN Ib","0.0045","29412","2012-06-12 00:00:00.00","2456090.5","","Magellan-Baade","FIRE","Unknown","Unknown","","Y","","","SN2012au_2012-06-12_00-00-00_Magellan-Baade_FIRE_None.txt","","Object","","","Air","Micrometre","1","Other","","0","0","","","","","","","0.806048","2.71505","0.00093486875612145","Milisavljevic et al. 2013","2013ApJ...770L..38M","[Data obtained from:Dan Milisavljevic] [Prev. spec info - createdby: ofer-UploadSet; modifiedby: ofer-UploadSet]"," Migration From WISeREP1.0","2013-11-21 13:07:57"
"9568","2012au","","193.717417","-10.247222","SN Ib","0.0045","48707","2012-06-16 08:34:04.00","2456094.8569907","","Keck1","LRIS","Kelsey Clubb, Jeffrey Silverman, Adam Miller, Ori Fox","Jeffrey Silverman","UCB-SNDB","Y","UCB-SNDB","","SN_2012au_2012-06-16_08-34-04_Keck1_LRIS_UCB-SNDB_0.flm","","Object","","","Air","Angstrom","1","erg cm(-2) sec(-1) Ang(-1)","","","","","","","","","","3246","10200","0.99985621854781","","2019MNRAS.482.1545S","SNR: 49.3156;","WIS_Bot1","2019-01-23 10:48:35"
"9568","2012au","","193.717417","-10.247222","SN Ib","0.0045","29413","2012-12-19 00:00:00.00","2456280.5","","MMT","MMT-Blue","D. Milisavljevic","Unknown","","Y","","","SN2012au_2012-12-19_00-00-00_MMT_MMT-Blue_None.flm","","Object","","","Air","Angstrom","1","Other","","0","0","","","","","","","3312.5452270462","8524.9937743787","1.9449434878106","Milisavljevic et al. 2013","2013ApJ...770L..38M","[Data obtained from:Dan Milisavljevic] [Prev. spec info - createdby: ofer-UploadSet; modifiedby: ofer-UploadSet]"," Migration From WISeREP1.0","2013-11-21 13:07:57"
"9568","2012au","","193.717417","-10.247222","SN Ib","0.0045","29414","2013-02-02 00:00:00.00","2456325.5","","Magellan-Baade","FIRE","Unknown","Unknown","","Y","","","SN2012au_2013-02-02_00-00-00_Magellan-Baade_FIRE_None.txt","","Object","","","Air","Micrometre","1","Other","","0","0","","","","","","","0.810127","2.73768","0.0009514081934847","Milisavljevic et al. 2013","2013ApJ...770L..38M","[Data obtained from:Dan Milisavljevic] [Prev. spec info - createdby: ofer-UploadSet; modifiedby: ofer-UploadSet]"," Migration From WISeREP1.0","2013-11-21 13:07:57"
"9568","2012au","","193.717417","-10.247222","SN Ib","0.0045","29415","2013-02-05 00:00:00.00","2456328.5","","MMT","MMT-Blue","D. Milisavljevic","Unknown","","Y","","","SN2012au_2013-02-05_00-00-00_MMT_MMT-Blue_None.flm","","Object","","","Air","Angstrom","1","Other","","0","0","","","","","","","3334","8510.26","1.9292806559821","Milisavljevic et al. 2013","2013ApJ...770L..38M","[Data obtained from:Dan Milisavljevic] [Prev. spec info - createdby: ofer-UploadSet; modifiedby: ofer-UploadSet]"," Migration From WISeREP1.0","2013-11-21 13:07:57"