"Obj. ID","IAU name","Internal name/s","Obj. RA","Obj. DEC","Obj. Type","Redshift","Spec. ID","Obs-date","JD","From","Telescope","Instrument","Observer/s","Reducer/s","Source group","Public","Associated groups","End prop. period","Ascii file","Fits file","Spec. type","Spec. quality","Extinction-Corrected","WL Medium","WL Units","Flux Unit Coefficient","Spec. units","Flux Calibrated By","Exp-time","Aperture (slit)","HA","Airmass","Dichroic","Grism","Grating","Blaze","Lambda-min","Lambda-max","Del-Lambda","Contrib","Publish","Remarks","Created by","Creation date"
"6284","2015bn","","173.423125","0.725972","SLSN-I","0.1136","18758","2015-02-17 00:00:00.00","2457070.5","","ESO-NTT","EFOSC2-NTT","LeGuillou,Baumont, Mitra","Nicholl","","Y","","","2015bn_2015-02-17_00-00-00_ESO-NTT_EFOSC2-NTT_None.txt","","Object","High","","Air","Angstrom","1","Other","","900","0","","","","","","","3645.9899902344","9240.0347862244","5.5113741832414","Nicholl et al. 2016","2016ApJ...826...39N","[Data obtained from:Nicholl, M.] [Prev. spec info - createdby: ilanm-UploadSet; modifiedby: ilanm-UploadSet]"," Migration From WISeREP1.0","2016-02-23 15:54:11"
"6284","2015bn","","173.423125","0.725972","SLSN-I","0.1136","18760","2015-02-18 00:00:00.00","2457071.5","","Magellan-Baade","IMACS","Lunnan,Blanchard","Chornock","","Y","","","2015bn_2015-02-18_00-00-00_Magellan-Baade_IMACS_None.txt","","Object","High","","Air","Angstrom","1","Other","","900","0","","","","","","","3690","9460","1.2497292614252","Nicholl et al. 2016","2016ApJ...826...39N","[Data obtained from:Nicholl, M.] [Prev. spec info - createdby: ilanm-UploadSet; modifiedby: ilanm-UploadSet]"," Migration From WISeREP1.0","2016-02-23 15:54:11"
"6284","2015bn","","173.423125","0.725972","SLSN-I","0.1136","18759","2015-02-18 12:00:00.00","2457072","","ESO-NTT","EFOSC2-NTT","L. Le Guillou","N. Chotard","","Y","","","2015bn_2015-02-18_12-00-00_ESO-NTT_EFOSC2-NTT_None.asci","","Object","","","Air","Angstrom","1","Other","","900","0","","","","","","","3642.04785156","9237.22745228","5.5124922174581","","","[TNS Source Group: Pan-STARRS1; Sender: sjsmartt] Same spectrum as submitted to WISeREP by PESSTO [Prev. spec info - createdby: upload-TNS; modifiedby: upload-TNS]"," Migration From WISeREP1.0","2016-02-23 15:54:11"
"6284","2015bn","","173.423125","0.725972","SLSN-I","0.1136","18761","2015-02-24 00:00:00.00","2457077.5","","ANU-2.3m","WiFeS","Childress","Childress","","Y","","","2015bn_2015-02-24_00-00-00_ANU-2.3m_WiFeS_None.txt","","Object","High","","Air","Angstrom","1","Other","","1200","0","","","","","","","3500","9294.273644","1.0277179219581","Nicholl et al. 2016","2016ApJ...826...39N","[Data obtained from:Nicholl, M.] [Prev. spec info - createdby: ilanm-UploadSet; modifiedby: ilanm-UploadSet]"," Migration From WISeREP1.0","2016-02-23 15:54:11"
"6284","2015bn","","173.423125","0.725972","SLSN-I","0.1136","18762","2015-02-24 00:00:00.00","2457077.5","","ESO-NTT","Sofi","LeGuillou,Baumont,Mitra","Nicholl","","Y","","","2015bn_2015-02-24_00-00-00_ESO-NTT_Sofi_None.txt","","Object","High","","Air","Angstrom","1","Other","","4800","0","","","","","","","8417.7065443719","14799.804642111","6.2325176735737","Nicholl et al. 2016","2016ApJ...826...39N","[Data obtained from:Nicholl, M.] [Prev. spec info - createdby: ilanm-UploadSet; modifiedby: ilanm-UploadSet]"," Migration From WISeREP1.0","2016-02-23 15:54:11"
"6284","2015bn","","173.423125","0.725972","SLSN-I","0.1136","18763","2015-02-25 00:00:00.00","2457078.5","","ESO-NTT","EFOSC2-NTT","LeGuillou,Baumont, Mitra","Nicholl","","Y","","","2015bn_2015-02-25_00-00-00_ESO-NTT_EFOSC2-NTT_None.txt","","Object","High","","Air","Angstrom","1","Other","","1800","0","","","","","","","3342.5388183594","9984.2587890626","4.0746748286523","Nicholl et al. 2016","2016ApJ...826...39N","[Data obtained from:Nicholl, M.] [Prev. spec info - createdby: ilanm-UploadSet; modifiedby: ilanm-UploadSet]"," Migration From WISeREP1.0","2016-02-23 15:54:11"
"6284","2015bn","","173.423125","0.725972","SLSN-I","0.1136","18764","2015-03-01 00:00:00.00","2457082.5","","LT","SPRAT","Sullivan","Nicholl","","Y","","","2015bn_2015-03-01_00-00-00_LT_SPRAT_None.txt","","Object","High","","Air","Angstrom","1","Other","","900","0","","","","","","","4020","7994.4","9.178752886836","Nicholl et al. 2016","2016ApJ...826...39N","[Data obtained from:Nicholl, M.] [Prev. spec info - createdby: ilanm-UploadSet; modifiedby: ilanm-UploadSet]"," Migration From WISeREP1.0","2016-02-23 15:54:11"
"6284","2015bn","","173.423125","0.725972","SLSN-I","0.1136","18765","2015-03-11 00:00:00.00","2457092.5","","MMT","MMT-Blue","Milisavljevic","Milisavljevic","","Y","","","2015bn_2015-03-11_00-00-00_MMT_MMT-Blue_None.txt","","Object","High","","Air","Angstrom","1","Other","","300","0","","","","","","","3349","8569.15","1.9492718446602","Nicholl et al. 2016","2016ApJ...826...39N","[Data obtained from:Nicholl, M.] [Prev. spec info - createdby: ilanm-UploadSet; modifiedby: ilanm-UploadSet]"," Migration From WISeREP1.0","2016-02-23 15:54:11"
"6284","2015bn","","173.423125","0.725972","SLSN-I","0.1136","18766","2015-03-11 00:00:00.00","2457092.5","","ESO-NTT","EFOSC2-NTT","Fraser","Nicholl","","Y","","","2015bn_2015-03-11_00-00-00_ESO-NTT_EFOSC2-NTT_None.txt","","Object","High","","Air","Angstrom","1","Other","","1800","0","","","","","","","3342.8039550781","9984.8916015626","4.0749003966162","Nicholl et al. 2016","2016ApJ...826...39N","[Data obtained from:Nicholl, M.] [Prev. spec info - createdby: ilanm-UploadSet; modifiedby: ilanm-UploadSet]"," Migration From WISeREP1.0","2016-02-23 15:54:11"
"6284","2015bn","","173.423125","0.725972","SLSN-I","0.1136","18767","2015-03-11 00:00:00.00","2457092.5","","ESO-NTT","Sofi","Fraser","Nicholl","","Y","","","2015bn_2015-03-11_00-00-00_ESO-NTT_Sofi_None.txt","","Object","High","","Air","Angstrom","1","Other","","3240","0","","","","","","","8418.3441091954","14796.192528736","6.2283675972072","Nicholl et al. 2016","2016ApJ...826...39N","[Data obtained from:Nicholl, M.] [Prev. spec info - createdby: ilanm-UploadSet; modifiedby: ilanm-UploadSet]"," Migration From WISeREP1.0","2016-02-23 15:54:11"
"6284","2015bn","","173.423125","0.725972","SLSN-I","0.1136","18768","2015-03-12 00:00:00.00","2457093.5","","ANU-2.3m","WiFeS","Childress","Childress","","Y","","","2015bn_2015-03-12_00-00-00_ANU-2.3m_WiFeS_None.txt","","Object","High","","Air","Angstrom","1","Other","","3600","0","","","","","","","3500.7744140625","9566.7509765625","0.77421526005106","Nicholl et al. 2016","2016ApJ...826...39N","[Data obtained from:Nicholl, M.] [Prev. spec info - createdby: ilanm-UploadSet; modifiedby: ilanm-UploadSet]"," Migration From WISeREP1.0","2016-02-23 15:54:11"
"6284","2015bn","","173.423125","0.725972","SLSN-I","0.1136","18769","2015-03-18 00:00:00.00","2457099.5","","ESO-NTT","EFOSC2-NTT","Campbell","Nicholl","","Y","","","2015bn_2015-03-18_00-00-00_ESO-NTT_EFOSC2-NTT_None.txt","","Object","High","","Air","Angstrom","1","Other","","1800","0","","","","","","","3343.0302734375","9984.4423828125","4.0744859566718","Nicholl et al. 2016","2016ApJ...826...39N","[Data obtained from:Nicholl, M.] [Prev. spec info - createdby: ilanm-UploadSet; modifiedby: ilanm-UploadSet]"," Migration From WISeREP1.0","2016-02-23 15:54:11"
"6284","2015bn","","173.423125","0.725972","SLSN-I","0.1136","18770","2015-03-24 00:00:00.00","2457105.5","","UH88","SNIFS","Huber","Huber","","Y","","","2015bn_2015-03-24_00-00-00_UH88_SNIFS_None.txt","","Object","High","","Air","Angstrom","1","Other","","1200","0","","","","","","","3301.06","9701.23","2.3792453531599","Nicholl et al. 2016","2016ApJ...826...39N","[Data obtained from:Nicholl, M.] [Prev. spec info - createdby: ilanm-UploadSet; modifiedby: ilanm-UploadSet]"," Migration From WISeREP1.0","2016-02-23 15:54:11"
"6284","2015bn","","173.423125","0.725972","SLSN-I","0.1136","18771","2015-03-27 00:00:00.00","2457108.5","","ESO-NTT","EFOSC2-NTT","Walton,Campbell","Nicholl","","Y","","","2015bn_2015-03-27_00-00-00_ESO-NTT_EFOSC2-NTT_None.txt","","Object","High","","Air","Angstrom","1","Other","","1800","0","","","","","","","3344.7448730469","9988.2958984376","4.0783001997487","Nicholl et al. 2016","2016ApJ...826...39N","[Data obtained from:Nicholl, M.] [Prev. spec info - createdby: ilanm-UploadSet; modifiedby: ilanm-UploadSet]"," Migration From WISeREP1.0","2016-02-23 15:54:11"
"6284","2015bn","css1133+0043","173.423125","0.725972","SLSN-I","0.1136","49950","2015-03-27 08:06:43.00","2457108.8379977","","Lick-3m","KAST","Isaac Shivvers","Isaac Shivvers","UCB-SNDB","Y","UCB-SNDB","","SN_2015bn_2015-03-27_08-06-43_Lick-3m_KAST_UCB-SNDB_0.flm","","Object","","","Air","Angstrom","1","erg cm(-2) sec(-1) Ang(-1)","","","","","","","","","","3460","10882","1.9994612068966","","2019MNRAS.482.1545S","SNR: 60.1548;","WIS_Bot1","2019-01-23 10:48:35"
"6284","2015bn","","173.423125","0.725972","SLSN-I","0.1136","18772","2015-04-11 00:00:00.00","2457123.5","","ESO-NTT","EFOSC2-NTT","Cartier,Frohmaier,Prajs","Nicholl","","Y","","","2015bn_2015-04-11_00-00-00_ESO-NTT_EFOSC2-NTT_None.txt","","Object","High","","Air","Angstrom","1","Other","","2100","0","","","","","","","3342.1962890625","9976.1869220956","4.0824557741742","Nicholl et al. 2016","2016ApJ...826...39N","[Data obtained from:Nicholl, M.] [Prev. spec info - createdby: ilanm-UploadSet; modifiedby: ilanm-UploadSet]"," Migration From WISeREP1.0","2016-02-23 15:54:11"
"6284","2015bn","","173.423125","0.725972","SLSN-I","0.1136","18773","2015-04-23 00:00:00.00","2457135.5","","Magellan-Baade","IMACS","Morell","Chornock","","Y","","","2015bn_2015-04-23_00-00-00_Magellan-Baade_IMACS_None.txt","","Object","High","","Air","Angstrom","1","Other","","1200","0","","","","","","","3700.5","9435.5","1.249727609501","Nicholl et al. 2016","2016ApJ...826...39N","[Data obtained from:Nicholl, M.] [Prev. spec info - createdby: ilanm-UploadSet; modifiedby: ilanm-UploadSet]"," Migration From WISeREP1.0","2016-02-23 15:54:11"
"6284","2015bn","","173.423125","0.725972","SLSN-I","0.1136","18774","2015-04-23 00:00:00.00","2457135.5","","FTN","FLOYDS-N","[Unknown]","Hosseinzadeh","","Y","","","2015bn_2015-04-23_00-00-00_FTN_FLOYDS-N_None.txt","","Object","High","","Air","Angstrom","1","Other","","3600","0","","","","","","","3250.8129882813","9999.2793619633","1.7415397093373","Nicholl et al. 2016","2016ApJ...826...39N","[Data obtained from:Nicholl, M.] [Prev. spec info - createdby: ilanm-UploadSet; modifiedby: ilanm-UploadSet]"," Migration From WISeREP1.0","2016-02-23 15:54:11"
"6284","2015bn","","173.423125","0.725972","SLSN-I","0.1136","18775","2015-04-24 00:00:00.00","2457136.5","","Magellan-Baade","IMACS","Milisavljevic","Milisavljevic","","Y","","","2015bn_2015-04-24_00-00-00_Magellan-Baade_IMACS_None.txt","","Object","High","","Air","Angstrom","1","Other","","1200","0","","","","","","","4235.1979294019","9009.6752654163","1.2711601001103","Nicholl et al. 2016","2016ApJ...826...39N","[Data obtained from:Nicholl, M.] [Prev. spec info - createdby: ilanm-UploadSet; modifiedby: ilanm-UploadSet]"," Migration From WISeREP1.0","2016-02-23 15:54:11"
"6284","2015bn","","173.423125","0.725972","SLSN-I","0.1136","18776","2015-04-28 00:00:00.00","2457140.5","","ESO-NTT","Sofi","Cartier,Frohmaier,Prajs","Nicholl","","Y","","","2015bn_2015-04-28_00-00-00_ESO-NTT_Sofi_None.txt","","Object","High","","Air","Angstrom","1","Other","","3240","0","","","","","","","8421.9106038412","14793.292423603","6.2220525583614","Nicholl et al. 2016","2016ApJ...826...39N","[Data obtained from:Nicholl, M.] [Prev. spec info - createdby: ilanm-UploadSet; modifiedby: ilanm-UploadSet]"," Migration From WISeREP1.0","2016-02-23 15:54:11"
"6284","2015bn","","173.423125","0.725972","SLSN-I","0.1136","18777","2015-05-08 00:00:00.00","2457150.5","","LT","SPRAT","Sullivan","Nicholl","","Y","","","2015bn_2015-05-08_00-00-00_LT_SPRAT_None.txt","","Object","High","","Air","Angstrom","1","Other","","3600","0","","","","","","","4139.5999970613","7883.9999050565","9.1774507548901","Nicholl et al. 2016","2016ApJ...826...39N","[Data obtained from:Nicholl, M.] [Prev. spec info - createdby: ilanm-UploadSet; modifiedby: ilanm-UploadSet]"," Migration From WISeREP1.0","2016-02-23 15:54:11"
"6284","2015bn","","173.423125","0.725972","SLSN-I","0.1136","18778","2015-05-15 00:00:00.00","2457157.5","","Magellan-Baade","IMACS","Drout,Cowperthwaite","Chornock","","Y","","","2015bn_2015-05-15_00-00-00_Magellan-Baade_IMACS_None.txt","","Object","High","","Air","Angstrom","1","Other","","1200","0","","","","","","","3800","9432.5","1.2497226536499","Nicholl et al. 2016","2016ApJ...826...39N","[Data obtained from:Nicholl, M.] [Prev. spec info - createdby: ilanm-UploadSet; modifiedby: ilanm-UploadSet]"," Migration From WISeREP1.0","2016-02-23 15:54:11"
"6284","2015bn","","173.423125","0.725972","SLSN-I","0.1136","18779","2015-05-23 00:00:00.00","2457165.5","","UH88","SNIFS","Huber","Huber","","Y","","","2015bn_2015-05-23_00-00-00_UH88_SNIFS_None.txt","","Object","High","","Air","Angstrom","1","Other","","1200","0","","","","","","","3301.06","9701.23","2.3792453531599","Nicholl et al. 2016","2016ApJ...826...39N","[Data obtained from:Nicholl, M.] [Prev. spec info - createdby: ilanm-UploadSet; modifiedby: ilanm-UploadSet]"," Migration From WISeREP1.0","2016-02-23 15:54:11"
"6284","2015bn","","173.423125","0.725972","SLSN-I","0.1136","18780","2015-06-08 00:00:00.00","2457181.5","","UH88","SNIFS","Huber","Huber","","Y","","","2015bn_2015-06-08_00-00-00_UH88_SNIFS_None.txt","","Object","High","","Air","Angstrom","1","Other","","2000","0","","","","","","","3301.06","9701.23","2.3792453531599","Nicholl et al. 2016","2016ApJ...826...39N","[Data obtained from:Nicholl, M.] [Prev. spec info - createdby: ilanm-UploadSet; modifiedby: ilanm-UploadSet]"," Migration From WISeREP1.0","2016-02-23 15:54:11"
"6284","2015bn","","173.423125","0.725972","SLSN-I","0.1136","18781","2015-06-21 00:00:00.00","2457194.5","","UH88","SNIFS","Huber","Huber","","Y","","","2015bn_2015-06-21_00-00-00_UH88_SNIFS_None.txt","","Object","High","","Air","Angstrom","1","Other","","1800","0","","","","","","","3301.06","9701.23","2.3792453531599","Nicholl et al. 2016","2016ApJ...826...39N","[Data obtained from:Nicholl, M.] [Prev. spec info - createdby: ilanm-UploadSet; modifiedby: ilanm-UploadSet]"," Migration From WISeREP1.0","2016-02-23 15:54:11"
"6284","2015bn","","173.423125","0.725972","SLSN-I","0.1136","18782","2015-06-28 00:00:00.00","2457201.5","","UH88","SNIFS","Huber","Huber","","Y","","","2015bn_2015-06-28_00-00-00_UH88_SNIFS_None.txt","","Object","High","","Air","Angstrom","1","Other","","1800","0","","","","","","","3301.06","9701.2299999999","2.3792453531598","Nicholl et al. 2016","2016ApJ...826...39N","[Data obtained from:Nicholl, M.] [Prev. spec info - createdby: ilanm-UploadSet; modifiedby: ilanm-UploadSet]"," Migration From WISeREP1.0","2016-02-23 15:54:11"
"6284","2015bn","","173.423125","0.725972","SLSN-I","0.1136","18783","2015-07-08 00:00:00.00","2457211.5","","UH88","SNIFS","Huber","Huber","","Y","","","2015bn_2015-07-08_00-00-00_UH88_SNIFS_None.txt","","Object","High","","Air","Angstrom","1","Other","","1600","0","","","","","","","3301.06","9701.23","2.3792453531599","Nicholl et al. 2016","2016ApJ...826...39N","[Data obtained from:Nicholl, M.] [Prev. spec info - createdby: ilanm-UploadSet; modifiedby: ilanm-UploadSet]"," Migration From WISeREP1.0","2016-02-23 15:54:11"
"6284","2015bn","","173.423125","0.725972","SLSN-I","0.1136","18784","2015-07-16 00:00:00.00","2457219.5","","Magellan-Clay","LDSS-3","Lunnan,Villar","Chornock","","Y","","","2015bn_2015-07-16_00-00-00_Magellan-Clay_LDSS-3_None.txt","","Object","High","","Air","Angstrom","1","Other","","1800","0","","","","","","","3800","10636","1.9994150336356","Nicholl et al. 2016","2016ApJ...826...39N","[Data obtained from:Nicholl, M.] [Prev. spec info - createdby: ilanm-UploadSet; modifiedby: ilanm-UploadSet]"," Migration From WISeREP1.0","2016-02-23 15:54:11"
"6284","2015bn","","173.423125","0.725972","SLSN-I","0.1136","18785","2015-12-16 00:00:00.00","2457372.5","","Magellan-Baade","IMACS","McDonald","Chornock","","Y","","","2015bn_2015-12-16_00-00-00_Magellan-Baade_IMACS_None.txt","","Object","High","","Air","Angstrom","1","Other","","900","0","","","","","","","3658","9419.25","1.2497288503254","Nicholl et al. 2016","2016ApJ...826...39N","[Data obtained from:Nicholl, M.] [Prev. spec info - createdby: ilanm-UploadSet; modifiedby: ilanm-UploadSet]"," Migration From WISeREP1.0","2016-02-23 15:54:11"
"6284","2015bn","","173.423125","0.725972","SLSN-I","0.1136","18786","2016-01-01 00:00:00.00","2457388.5","","ESO-NTT","EFOSC2-NTT","Unknown","Unknown","","Y","","","2015bn_2016-01-01_00-00-00_ESO-NTT_EFOSC2-NTT_None.txt","","Object","","","Air","Angstrom","1","Other","","5400","1","","","","","","","3640.974609375","9232.3798828126","5.5087736684114","Jerkstrand et al. 2017","2017ApJ...835...13J","Cal. To photometry [Data obtained from:Jerkstrand, A.] [Prev. spec info - createdby: ilanm-UploadSet; modifiedby: ilanm]"," Migration From WISeREP1.0","2016-02-23 15:54:11"
"6284","2015bn","","173.423125","0.725972","SLSN-I","0.1136","18787","2016-01-01 00:00:00.00","2457388.5","","ESO-NTT","EFOSC2-NTT","Unknown","Unknown","","Y","","","2015bn_2016-01-01_00-00-00_ESO-NTT_EFOSC2-NTT_None_0.txt","","Object","","","Air","Angstrom","1","Other","","5400","0","","","","","","","3640.974609375","9232.3798828126","5.5087736684114","Jerkstrand et al. 2017","2017ApJ...835...13J","Host galaxy-model subtracted [Data obtained from:Jerkstrand, A.] [Prev. spec info - createdby: ilanm-UploadSet; modifiedby: ilanm]"," Migration From WISeREP1.0","2016-02-23 15:54:11"
"6284","2015bn","","173.423125","0.725972","SLSN-I","0.1136","18788","2016-01-08 00:00:00.00","2457395.5","","Magellan-Baade","IMACS","Challis","Nicholl","","Y","","","2015bn_2016-01-08_00-00-00_Magellan-Baade_IMACS_None.txt","","Object","High","","Air","Angstrom","1","Other","","900","0","","","","","","","4207.379927737","9416.0816278208","1.271655688497","Nicholl et al. 2016","2016ApJ...828L..18N","[Data obtained from:Nicholl, M.] [Prev. spec info - createdby: ilanm-UploadSet; modifiedby: ilanm-UploadSet]"," Migration From WISeREP1.0","2016-02-23 15:54:11"
"6284","2015bn","","173.423125","0.725972","SLSN-I","0.1136","18789","2016-02-12 00:00:00.00","2457430.5","","Magellan-Baade","IMACS","Cowperthwaite","Nicholl","","Y","","","2015bn_2016-02-12_00-00-00_Magellan-Baade_IMACS_None.txt","","Object","High","","Air","Angstrom","1","Other","","900","0","","","","","","","4209.408203125","9402.8623046874","1.2679331302643","Nicholl et al. 2016","2016ApJ...828L..18N","[Data obtained from:Nicholl, M.] [Prev. spec info - createdby: ilanm-UploadSet; modifiedby: ilanm-UploadSet]"," Migration From WISeREP1.0","2016-02-23 15:54:11"
"6284","2015bn","","173.423125","0.725972","SLSN-I","0.1136","18790","2016-03-05 00:00:00.00","2457452.5","","VLT-UT2","X-Shooter","Unknown","Unknown","","Y","","","2015bn_2016-03-05_00-00-00_VLT-UT2_X-Shooter_None.txt","","Object","","","Air","Angstrom","1","Other","","12800","0","","","","","","","3200.250532","10200.164051","2.3988737213845","Jerkstrand et al. 2017","2017ApJ...835...13J","Cal. To photometry [Data obtained from:Jerkstrand, A.] [Prev. spec info - createdby: ilanm-UploadSet; modifiedby: ilanm]"," Migration From WISeREP1.0","2016-02-23 15:54:11"
"6284","2015bn","","173.423125","0.725972","SLSN-I","0.1136","18791","2016-03-05 00:00:00.00","2457452.5","","VLT-UT2","X-Shooter","Unknown","Unknown","","Y","","","2015bn_2016-03-05_00-00-00_VLT-UT2_X-Shooter_None_0.txt","","Object","","","Air","Angstrom","1","Other","","12000","0","","","","","","","10002.457598","22793.159477","4.7977126327832","Jerkstrand et al. 2017","2017ApJ...835...13J","Host galaxy-model subtracted [Data obtained from:Jerkstrand, A.] [Prev. spec info - createdby: ilanm-UploadSet; modifiedby: ilanm]"," Migration From WISeREP1.0","2016-02-23 15:54:11"
"6284","2015bn","","173.423125","0.725972","SLSN-I","0.1136","18792","2016-03-05 00:00:00.00","2457452.5","","VLT-UT2","X-Shooter","Unknown","Unknown","","Y","","","2015bn_2016-03-05_00-00-00_VLT-UT2_X-Shooter_None_1.txt","","Object","","","Air","Angstrom","1","Other","","12800","0","","","","","","","3200.250532","10200.164051","2.3988737213845","Jerkstrand et al. 2017","2017ApJ...835...13J","Host galaxy-model subtracted [Data obtained from:Jerkstrand, A.] [Prev. spec info - createdby: ilanm-UploadSet; modifiedby: ilanm]"," Migration From WISeREP1.0","2016-02-23 15:54:11"
"6284","2015bn","","173.423125","0.725972","SLSN-I","0.1136","18793","2016-03-05 00:00:00.00","2457452.5","","VLT-UT2","X-Shooter","Unknown","Unknown","","Y","","","2015bn_2016-03-05_00-00-00_VLT-UT2_X-Shooter_None_2.txt","","Object","","","Air","Angstrom","1","Other","","12000","0","","","","","","","10002.457598","22793.159477","4.7977126327832","Jerkstrand et al. 2017","2017ApJ...835...13J","Cal. To photometry [Data obtained from:Jerkstrand, A.] [Prev. spec info - createdby: ilanm-UploadSet; modifiedby: ilanm]"," Migration From WISeREP1.0","2016-02-23 15:54:11"
"6284","2015bn","","173.423125","0.725972","SLSN-I","0.1136","18794","2016-04-06 00:00:00.00","2457484.5","","Magellan-Baade","IMACS","Fong","Nicholl","","Y","","","2015bn_2016-04-06_00-00-00_Magellan-Baade_IMACS_None.txt","","Object","High","","Air","Angstrom","1","Other","","1800","0","","","","","","","4500","10667.47","1.9279368552673","Nicholl et al. 2016","2016ApJ...828L..18N","[Data obtained from:Nicholl, M.] [Prev. spec info - createdby: ilanm-UploadSet; modifiedby: ilanm-UploadSet]"," Migration From WISeREP1.0","2016-02-23 15:54:11"
"6284","2015bn","","173.423125","0.725972","SLSN-I","0.1136","18795","2016-05-29 00:00:00.00","2457537.5","","Gemini-N","GMOS","Unknown","Nicholl","","Y","","","2015bn_2016-05-29_00-00-00_Gemini-N_GMOS_None.txt","","Object","High","","Air","Angstrom","1","Other","","6000","0","","","","","","","4678.8775364646","10189.681640625","3.4378066775798","Nicholl et al. 2016","2016ApJ...828L..18N","[Data obtained from:Nicholl, M.] [Prev. spec info - createdby: ilanm-UploadSet; modifiedby: ilanm-UploadSet]"," Migration From WISeREP1.0","2016-02-23 15:54:11"
"6284","2015bn","","173.423125","0.725972","SLSN-I","0.1136","41032","2018-07-08 23:37:03.00","2458308.4840625","","Magellan-Clay","LDSS-3","Yuri Beletsky","Matt Nicholl","","Y","","","2015bn_2018-07-08_23-37-03_Magellan-Clay_LDSS-3_None.txt","","Object","Medium","None","Air","Angstrom","1","erg cm(-2) sec(-1) Ang(-1)","","1800","","","","","","","","4224.2509765625","10471.362304688","2.0217188764159","Matt Nicholl","2018ApJ...866L..24N","","Dr Matt Nicholl","2018-12-03 13:47:52"