"Obj. ID","IAU name","Internal name/s","Obj. RA","Obj. DEC","Obj. Type","Redshift","Spec. ID","Obs-date","JD","From","Telescope","Instrument","Observer/s","Reducer/s","Source group","Public","Associated groups","End prop. period","Ascii file","Fits file","Spec. type","Spec. quality","Extinction-Corrected","WL Medium","WL Units","Flux Unit Coefficient","Spec. units","Flux Calibrated By","Exp-time","Aperture (slit)","HA","Airmass","Dichroic","Grism","Grating","Blaze","Lambda-min","Lambda-max","Del-Lambda","Contrib","Publish","Remarks","Created by","Creation date"
"371","2013ge","","158.701917","21.661639","SN Ib/c","0.004356","1161","2013-11-09 00:00:00.00","2456605.5","","MMT","MMT-Blue","Unknown","Unknown","","Y","","","2013ge_2013-11-09_00-00-00_MMT_MMT-Blue_None.flm","","Object","","","Air","Angstrom","1","Other","","0","0","","","","","","","3442.3491","8574.3789","1.9469005311077","Drout et al. 2016","2016ApJ...821...57D","[Data obtained from:Drout, M.] [Prev. spec info - createdby: ilanm-UploadSet; modifiedby: ilanm-UploadSet]"," Migration From WISeREP1.0","2016-06-04 09:20:27"
"371","2013ge","","158.701917","21.661639","SN Ib/c","0.004356","1162","2013-11-10 00:00:00.00","2456606.5","","MMT","MMT-Blue","Unknown","Unknown","","Y","","","2013ge_2013-11-10_00-00-00_MMT_MMT-Blue_None.flm","","Object","","","Air","Angstrom","1","Other","","0","0","","","","","","","3343.2116","8561.1962","1.9462829541216","Drout et al. 2016","2016ApJ...821...57D","[Data obtained from:Drout, M.] [Prev. spec info - createdby: ilanm-UploadSet; modifiedby: ilanm-UploadSet]"," Migration From WISeREP1.0","2016-06-04 09:20:27"
"371","2013ge","","158.701917","21.661639","SN Ib/c","0.004356","1163","2013-11-10 00:00:00.00","2456606.5","","MMT","MMT-Blue","Unknown","Unknown","","Y","","","2013ge_2013-11-10_00-00-00_MMT_MMT-Blue_None_0.flm","","Object","","","Air","Angstrom","1","Other","","0","0","","","","","","","5595.3455884213","6905.8843209342","0.4888245925076","Drout et al. 2016","2016ApJ...821...57D","[Data obtained from:Drout, M.] [Prev. spec info - createdby: ilanm-UploadSet; modifiedby: ilanm-UploadSet]"," Migration From WISeREP1.0","2016-06-04 09:20:27"
"371","2013ge","","158.701917","21.661639","SN Ib/c","0.004356","1164","2013-11-11 00:00:00.00","2456607.5","","MMT","MMT-Blue","Unknown","Unknown","","Y","","","2013ge_2013-11-11_00-00-00_MMT_MMT-Blue_None.flm","","Object","","","Air","Angstrom","1","Other","","0","0","","","","","","","3500.3388","8280","1.9413733549959","Drout et al. 2016","2016ApJ...821...57D","[Data obtained from:Drout, M.] [Prev. spec info - createdby: ilanm-UploadSet; modifiedby: ilanm-UploadSet]"," Migration From WISeREP1.0","2016-06-04 09:20:27"
"371","2013ge","","158.701917","21.661639","SN Ib/c","0.004356","1165","2013-11-20 00:00:00.00","2456616.5","","Magellan-Baade","FIRE","Unknown","Unknown","","Y","","","2013ge_2013-11-20_00-00-00_Magellan-Baade_FIRE_None.flm","","Object","","","Air","Angstrom","1","Other","","0","0","","","","","","","8106.8","25026.101177","8.6322965188776","Drout et al. 2016","2016ApJ...821...57D","[Data obtained from:Drout, M.] [Prev. spec info - createdby: ilanm-UploadSet; modifiedby: ilanm-UploadSet]"," Migration From WISeREP1.0","2016-06-04 09:20:27"
"371","2013ge","","158.701917","21.661639","SN Ib/c","0.004356","1166","2013-11-21 00:00:00.00","2456617.5","","MMT","Hectospec","Unknown","Unknown","","Y","","","2013ge_2013-11-21_00-00-00_MMT_Hectospec_None.flm","","Object","","","Air","Angstrom","1","Other","","0","0","","","","","","","3700","9150","1.1996478098173","Drout et al. 2016","2016ApJ...821...57D","[Data obtained from:Drout, M.] [Prev. spec info - createdby: ilanm-UploadSet; modifiedby: ilanm-UploadSet]"," Migration From WISeREP1.0","2016-06-04 09:20:27"
"371","2013ge","","158.701917","21.661639","SN Ib/c","0.004356","48808","2013-11-28 11:25:26.00","2456624.9759954","","Lick-3m","KAST","Kelsey Clubb, Isaac Shivvers","Kelsey Clubb","UCB-SNDB","Y","UCB-SNDB","","SN_2013ge_2013-11-28_11-25-26_Lick-3m_KAST_UCB-SNDB_0.flm","","Object","","","Air","Angstrom","1","erg cm(-2) sec(-1) Ang(-1)","","","","","","","","","","3500","10500","1.9994287346472","","2019MNRAS.482.1545S","SNR: 52.1241;","WIS_Bot1","2019-01-23 10:48:35"
"371","2013ge","","158.701917","21.661639","SN Ib/c","0.004356","1167","2013-11-29 00:00:00.00","2456625.5","","MMT","Hectospec","Unknown","Unknown","","Y","","","2013ge_2013-11-29_00-00-00_MMT_Hectospec_None.flm","","Object","","","Air","Angstrom","1","Other","","0","0","","","","","","","3700","9150","1.1996478098173","Drout et al. 2016","2016ApJ...821...57D","[Data obtained from:Drout, M.] [Prev. spec info - createdby: ilanm-UploadSet; modifiedby: ilanm-UploadSet]"," Migration From WISeREP1.0","2016-06-04 09:20:27"
"371","2013ge","","158.701917","21.661639","SN Ib/c","0.004356","1168","2013-11-30 00:00:00.00","2456626.5","","Magellan-Baade","FIRE","Unknown","Unknown","","Y","","","2013ge_2013-11-30_00-00-00_Magellan-Baade_FIRE_None.flm","","Object","","","Air","Angstrom","1","Other","","0","0","","","","","","","8087.2","25024.7","8.6152085452696","Drout et al. 2016","2016ApJ...821...57D","[Data obtained from:Drout, M.] [Prev. spec info - createdby: ilanm-UploadSet; modifiedby: ilanm-UploadSet]"," Migration From WISeREP1.0","2016-06-04 09:20:27"
"371","2013ge","","158.701917","21.661639","SN Ib/c","0.004356","1169","2013-12-06 00:00:00.00","2456632.5","","FLWO-1.5m","FAST","Unknown","Unknown","","Y","","","2013ge_2013-12-06_00-00-00_FLWO-1.5m_FAST_None.flm","","Object","","","Air","Angstrom","1","Other","","0","0","","","","","","","3476","7415.6","1.4694516971279","Drout et al. 2016","2016ApJ...821...57D","[Data obtained from:Drout, M.] [Prev. spec info - createdby: ilanm-UploadSet; modifiedby: ilanm-UploadSet]"," Migration From WISeREP1.0","2016-06-04 09:20:27"
"371","2013ge","","158.701917","21.661639","SN Ib/c","0.004356","1170","2013-12-07 00:00:00.00","2456633.5","","FLWO-1.5m","FAST","Unknown","Unknown","","Y","","","2013ge_2013-12-07_00-00-00_FLWO-1.5m_FAST_None.flm","","Object","","","Air","Angstrom","1","Other","","0","0","","","","","","","3478","7419.07","1.469451901566","Drout et al. 2016","2016ApJ...821...57D","[Data obtained from:Drout, M.] [Prev. spec info - createdby: ilanm-UploadSet; modifiedby: ilanm-UploadSet]"," Migration From WISeREP1.0","2016-06-04 09:20:27"
"371","2013ge","","158.701917","21.661639","SN Ib/c","0.004356","1171","2013-12-09 00:00:00.00","2456635.5","","Magellan-Baade","FIRE","Unknown","Unknown","","Y","","","2013ge_2013-12-09_00-00-00_Magellan-Baade_FIRE_None.flm","","Object","","","Air","Angstrom","1","Other","","0","0","","","","","","","8085.4","25002.2","8.6310204081633","Drout et al. 2016","2016ApJ...821...57D","[Data obtained from:Drout, M.] [Prev. spec info - createdby: ilanm-UploadSet; modifiedby: ilanm-UploadSet]"," Migration From WISeREP1.0","2016-06-04 09:20:27"
"371","2013ge","","158.701917","21.661639","SN Ib/c","0.004356","1172","2013-12-10 00:00:00.00","2456636.5","","FLWO-1.5m","FAST","Unknown","Unknown","","Y","","","2013ge_2013-12-10_00-00-00_FLWO-1.5m_FAST_None.flm","","Object","","","Air","Angstrom","1","Other","","0","0","","","","","","","3473","7415.54","1.4694521058517","Drout et al. 2016","2016ApJ...821...57D","[Data obtained from:Drout, M.] [Prev. spec info - createdby: ilanm-UploadSet; modifiedby: ilanm-UploadSet]"," Migration From WISeREP1.0","2016-06-04 09:20:27"
"371","2013ge","","158.701917","21.661639","SN Ib/c","0.004356","1173","2013-12-13 00:00:00.00","2456639.5","","MDM-2.4","OSMOS","Unknown","Unknown","","Y","","","2013ge_2013-12-13_00-00-00_MDM-2.4_OSMOS_None.flm","","Object","","","Air","Angstrom","1","Other","","0","0","","","","","","","4023.4361","6892.0258","0.71876464545227","Drout et al. 2016","2016ApJ...821...57D","[Data obtained from:Drout, M.] [Prev. spec info - createdby: ilanm-UploadSet; modifiedby: ilanm-UploadSet]"," Migration From WISeREP1.0","2016-06-04 09:20:27"
"371","2013ge","","158.701917","21.661639","SN Ib/c","0.004356","1174","2013-12-24 00:00:00.00","2456650.5","","MMT","MMT-Blue","Unknown","Unknown","","Y","","","2013ge_2013-12-24_00-00-00_MMT_MMT-Blue_None.flm","","Object","","","Air","Angstrom","1","Other","","0","0","","","","","","","3600","8500","1.9490851233095","Drout et al. 2016","2016ApJ...821...57D","[Data obtained from:Drout, M.] [Prev. spec info - createdby: ilanm-UploadSet; modifiedby: ilanm-UploadSet]"," Migration From WISeREP1.0","2016-06-04 09:20:27"
"371","2013ge","","158.701917","21.661639","SN Ib/c","0.004356","1175","2013-12-27 00:00:00.00","2456653.5","","MMT","MMT-Blue","Unknown","Unknown","","Y","","","2013ge_2013-12-27_00-00-00_MMT_MMT-Blue_None.flm","","Object","","","Air","Angstrom","1","Other","","0","0","","","","","","","3328","8533.02","1.9392771982116","Drout et al. 2016","2016ApJ...821...57D","[Data obtained from:Drout, M.] [Prev. spec info - createdby: ilanm-UploadSet; modifiedby: ilanm-UploadSet]"," Migration From WISeREP1.0","2016-06-04 09:20:27"
"371","2013ge","","158.701917","21.661639","SN Ib/c","0.004356","1176","2013-12-28 00:00:00.00","2456654.5","","MMT","MMT-Blue","Unknown","Unknown","","Y","","","2013ge_2013-12-28_00-00-00_MMT_MMT-Blue_None.flm","","Object","","","Air","Angstrom","1","Other","","0","0","","","","","","","3600","8500","1.9490851233095","Drout et al. 2016","2016ApJ...821...57D","[Data obtained from:Drout, M.] [Prev. spec info - createdby: ilanm-UploadSet; modifiedby: ilanm-UploadSet]"," Migration From WISeREP1.0","2016-06-04 09:20:27"
"371","2013ge","","158.701917","21.661639","SN Ib/c","0.004356","1177","2013-12-31 00:00:00.00","2456657.5","","Magellan-Clay","LDSS-3","Unknown","Unknown","","Y","","","2013ge_2013-12-31_00-00-00_Magellan-Clay_LDSS-3_None.flm","","Object","","","Air","Angstrom","1","Other","","0","0","","","","","","","3633.57","9442.38","1.9893184931507","Drout et al. 2016","2016ApJ...821...57D","[Data obtained from:Drout, M.] [Prev. spec info - createdby: ilanm-UploadSet; modifiedby: ilanm-UploadSet]"," Migration From WISeREP1.0","2016-06-04 09:20:27"
"371","2013ge","","158.701917","21.661639","SN Ib/c","0.004356","1178","2014-01-01 00:00:00.00","2456658.5","","Magellan-Baade","FIRE","Unknown","Unknown","","Y","","","2013ge_2014-01-01_00-00-00_Magellan-Baade_FIRE_None.flm","","Object","","","Air","Angstrom","1","Other","","0","0","","","","","","","8106.3","25011","8.6204487506374","Drout et al. 2016","2016ApJ...821...57D","[Data obtained from:Drout, M.] [Prev. spec info - createdby: ilanm-UploadSet; modifiedby: ilanm-UploadSet]"," Migration From WISeREP1.0","2016-06-04 09:20:27"
"371","2013ge","","158.701917","21.661639","SN Ib/c","0.004356","1179","2014-01-03 00:00:00.00","2456660.5","","FLWO-1.5m","FAST","Unknown","Unknown","","Y","","","2013ge_2014-01-03_00-00-00_FLWO-1.5m_FAST_None.flm","","Object","","","Air","Angstrom","1","Other","","0","0","","","","","","","3475","7419.01","1.4694523099851","Drout et al. 2016","2016ApJ...821...57D","[Data obtained from:Drout, M.] [Prev. spec info - createdby: ilanm-UploadSet; modifiedby: ilanm-UploadSet]"," Migration From WISeREP1.0","2016-06-04 09:20:27"
"371","2013ge","","158.701917","21.661639","SN Ib/c","0.004356","1180","2014-01-06 00:00:00.00","2456663.5","","FLWO-1.5m","FAST","Unknown","Unknown","","Y","","","2013ge_2014-01-06_00-00-00_FLWO-1.5m_FAST_None.flm","","Object","","","Air","Angstrom","1","Other","","0","0","","","","","","","3474","7416.54","1.4694521058517","Drout et al. 2016","2016ApJ...821...57D","[Data obtained from:Drout, M.] [Prev. spec info - createdby: ilanm-UploadSet; modifiedby: ilanm-UploadSet]"," Migration From WISeREP1.0","2016-06-04 09:20:27"
"371","2013ge","","158.701917","21.661639","SN Ib/c","0.004356","1181","2014-01-07 00:00:00.00","2456664.5","","FLWO-1.5m","FAST","Unknown","Unknown","","Y","","","2013ge_2014-01-07_00-00-00_FLWO-1.5m_FAST_None.flm","","Object","","","Air","Angstrom","1","Other","","0","0","","","","","","","3478","7420.54","1.4694521058517","Drout et al. 2016","2016ApJ...821...57D","[Data obtained from:Drout, M.] [Prev. spec info - createdby: ilanm-UploadSet; modifiedby: ilanm-UploadSet]"," Migration From WISeREP1.0","2016-06-04 09:20:27"
"371","2013ge","","158.701917","21.661639","SN Ib/c","0.004356","1182","2014-01-09 00:00:00.00","2456666.5","","FLWO-1.5m","FAST","Unknown","Unknown","","Y","","","2013ge_2014-01-09_00-00-00_FLWO-1.5m_FAST_None.flm","","Object","","","Air","Angstrom","1","Other","","0","0","","","","","","","3472","7414.54","1.4694521058517","Drout et al. 2016","2016ApJ...821...57D","[Data obtained from:Drout, M.] [Prev. spec info - createdby: ilanm-UploadSet; modifiedby: ilanm-UploadSet]"," Migration From WISeREP1.0","2016-06-04 09:20:27"
"371","2013ge","","158.701917","21.661639","SN Ib/c","0.004356","1183","2014-01-09 00:00:00.00","2456666.5","","Magellan-Baade","FIRE","Unknown","Unknown","","Y","","","2013ge_2014-01-09_00-00-00_Magellan-Baade_FIRE_None.flm","","Object","","","Air","Angstrom","1","Other","","0","0","","","","","","","8097.8","25020.1","8.6162423625255","Drout et al. 2016","2016ApJ...821...57D","[Data obtained from:Drout, M.] [Prev. spec info - createdby: ilanm-UploadSet; modifiedby: ilanm-UploadSet]"," Migration From WISeREP1.0","2016-06-04 09:20:27"
"371","2013ge","","158.701917","21.661639","SN Ib/c","0.004356","1184","2014-01-25 00:00:00.00","2456682.5","","Lick-3m","KAST","Unknown","Unknown","","Y","","","2013ge_2014-01-25_00-00-00_Lick-3m_KAST_None.flm","","Object","","","Air","Angstrom","1","Other","","0","0","","","","","","","3500","9997.9602","1.0197677652228","Drout et al. 2016","2016ApJ...821...57D","[Data obtained from:Drout, M.] [Prev. spec info - createdby: ilanm-UploadSet; modifiedby: ilanm-UploadSet]"," Migration From WISeREP1.0","2016-06-04 09:20:27"
"371","2013ge","","158.701917","21.661639","SN Ib/c","0.004356","1185","2014-01-28 00:00:00.00","2456685.5","","FLWO-1.5m","FAST","Unknown","Unknown","","Y","","","2013ge_2014-01-28_00-00-00_FLWO-1.5m_FAST_None.flm","","Object","","","Air","Angstrom","1","Other","","0","0","","","","","","","3473","7414.07","1.469451901566","Drout et al. 2016","2016ApJ...821...57D","[Data obtained from:Drout, M.] [Prev. spec info - createdby: ilanm-UploadSet; modifiedby: ilanm-UploadSet]"," Migration From WISeREP1.0","2016-06-04 09:20:27"
"371","2013ge","","158.701917","21.661639","SN Ib/c","0.004356","1186","2014-01-30 00:00:00.00","2456687.5","","FLWO-1.5m","FAST","Unknown","Unknown","","Y","","","2013ge_2014-01-30_00-00-00_FLWO-1.5m_FAST_None.flm","","Object","","","Air","Angstrom","1","Other","","0","0","","","","","","","3477","7418.07","1.469451901566","Drout et al. 2016","2016ApJ...821...57D","[Data obtained from:Drout, M.] [Prev. spec info - createdby: ilanm-UploadSet; modifiedby: ilanm-UploadSet]"," Migration From WISeREP1.0","2016-06-04 09:20:27"
"371","2013ge","","158.701917","21.661639","SN Ib/c","0.004356","1187","2014-02-02 00:00:00.00","2456690.5","","FLWO-1.5m","FAST","Unknown","Unknown","","Y","","","2013ge_2014-02-02_00-00-00_FLWO-1.5m_FAST_None.flm","","Object","","","Air","Angstrom","1","Other","","0","0","","","","","","","3473","7415.54","1.4694521058517","Drout et al. 2016","2016ApJ...821...57D","[Data obtained from:Drout, M.] [Prev. spec info - createdby: ilanm-UploadSet; modifiedby: ilanm-UploadSet]"," Migration From WISeREP1.0","2016-06-04 09:20:27"
"371","2013ge","","158.701917","21.661639","SN Ib/c","0.004356","1188","2014-02-02 00:00:00.00","2456690.5","","Magellan-Baade","FIRE","Unknown","Unknown","","Y","","","2013ge_2014-02-02_00-00-00_Magellan-Baade_FIRE_None.flm","","Object","","","Air","Angstrom","1","Other","","0","0","","","","","","","8200","24959.19773","8.2314330697446","Drout et al. 2016","2016ApJ...821...57D","[Data obtained from:Drout, M.] [Prev. spec info - createdby: ilanm-UploadSet; modifiedby: ilanm-UploadSet]"," Migration From WISeREP1.0","2016-06-04 09:20:27"
"371","2013ge","","158.701917","21.661639","SN Ib/c","0.004356","1189","2014-02-03 00:00:00.00","2456691.5","","Magellan-Baade","IMACS","Unknown","Unknown","","Y","","","2013ge_2014-02-03_00-00-00_Magellan-Baade_IMACS_None.flm","","Object","","","Air","Angstrom","1","Other","","0","0","","","","","","","4239.795","9446.8627","1.2718777967758","Drout et al. 2016","2016ApJ...821...57D","[Data obtained from:Drout, M.] [Prev. spec info - createdby: ilanm-UploadSet; modifiedby: ilanm-UploadSet]"," Migration From WISeREP1.0","2016-06-04 09:20:27"
"371","2013ge","","158.701917","21.661639","SN Ib/c","0.004356","1190","2014-02-26 00:00:00.00","2456714.5","","FLWO-1.5m","FAST","Unknown","Unknown","","Y","","","2013ge_2014-02-26_00-00-00_FLWO-1.5m_FAST_None.flm","","Object","","","Air","Angstrom","1","Other","","0","0","","","","","","","3478","7417.6","1.4694516971279","Drout et al. 2016","2016ApJ...821...57D","[Data obtained from:Drout, M.] [Prev. spec info - createdby: ilanm-UploadSet; modifiedby: ilanm-UploadSet]"," Migration From WISeREP1.0","2016-06-04 09:20:27"
"371","2013ge","","158.701917","21.661639","SN Ib/c","0.004356","1191","2014-02-27 00:00:00.00","2456715.5","","Magellan-Baade","FIRE","Unknown","Unknown","","Y","","","2013ge_2014-02-27_00-00-00_Magellan-Baade_FIRE_None.flm","","Object","","","Air","Angstrom","1","Other","","0","0","","","","","","","8110.9","25001.9","8.6487455197133","Drout et al. 2016","2016ApJ...821...57D","[Data obtained from:Drout, M.] [Prev. spec info - createdby: ilanm-UploadSet; modifiedby: ilanm-UploadSet]"," Migration From WISeREP1.0","2016-06-04 09:20:27"
"371","2013ge","","158.701917","21.661639","SN Ib/c","0.004356","1192","2014-03-04 00:00:00.00","2456720.5","","FLWO-1.5m","FAST","Unknown","Unknown","","Y","","","2013ge_2014-03-04_00-00-00_FLWO-1.5m_FAST_None.flm","","Object","","","Air","Angstrom","1","Other","","0","0","","","","","","","3475","7417.54","1.4694521058517","Drout et al. 2016","2016ApJ...821...57D","[Data obtained from:Drout, M.] [Prev. spec info - createdby: ilanm-UploadSet; modifiedby: ilanm-UploadSet]"," Migration From WISeREP1.0","2016-06-04 09:20:27"
"371","2013ge","","158.701917","21.661639","SN Ib/c","0.004356","1193","2014-03-06 00:00:00.00","2456722.5","","MMT","MMT-Blue","Unknown","Unknown","","Y","","","2013ge_2014-03-06_00-00-00_MMT_MMT-Blue_None.flm","","Object","","","Air","Angstrom","1","Other","","0","0","","","","","","","3321","8537.25","1.9492713004484","Drout et al. 2016","2016ApJ...821...57D","[Data obtained from:Drout, M.] [Prev. spec info - createdby: ilanm-UploadSet; modifiedby: ilanm-UploadSet]"," Migration From WISeREP1.0","2016-06-04 09:20:27"
"371","2013ge","","158.701917","21.661639","SN Ib/c","0.004356","1194","2014-03-07 00:00:00.00","2456723.5","","FLWO-1.5m","FAST","Unknown","Unknown","","Y","","","2013ge_2014-03-07_00-00-00_FLWO-1.5m_FAST_None.flm","","Object","","","Air","Angstrom","1","Other","","0","0","","","","","","","3474","7416.54","1.4694521058517","Drout et al. 2016","2016ApJ...821...57D","[Data obtained from:Drout, M.] [Prev. spec info - createdby: ilanm-UploadSet; modifiedby: ilanm-UploadSet]"," Migration From WISeREP1.0","2016-06-04 09:20:27"
"371","2013ge","","158.701917","21.661639","SN Ib/c","0.004356","1195","2014-03-25 00:00:00.00","2456741.5","","Magellan-Baade","FIRE","Unknown","Unknown","","Y","","","2013ge_2014-03-25_00-00-00_Magellan-Baade_FIRE_None.flm","","Object","","","Air","Angstrom","1","Other","","0","0","","","","","","","8117.5","25043.7","8.6579028132992","Drout et al. 2016","2016ApJ...821...57D","[Data obtained from:Drout, M.] [Prev. spec info - createdby: ilanm-UploadSet; modifiedby: ilanm-UploadSet]"," Migration From WISeREP1.0","2016-06-04 09:20:27"
"371","2013ge","","158.701917","21.661639","SN Ib/c","0.004356","1196","2014-04-28 00:00:00.00","2456775.5","","MMT","MMT-Blue","Unknown","Unknown","","Y","","","2013ge_2014-04-28_00-00-00_MMT_MMT-Blue_None.flm","","Object","","","Air","Angstrom","1","Other","","0","0","","","","","","","3322","8536.3","1.9492710280374","Drout et al. 2016","2016ApJ...821...57D","[Data obtained from:Drout, M.] [Prev. spec info - createdby: ilanm-UploadSet; modifiedby: ilanm-UploadSet]"," Migration From WISeREP1.0","2016-06-04 09:20:27"
"371","2013ge","","158.701917","21.661639","SN Ib/c","0.004356","48807","2014-04-29 06:20:09.00","2456776.7639931","","Lick-3m","KAST","Isaac Shivvers, Andrew Bigley","Kelsey Clubb","UCB-SNDB","Y","UCB-SNDB","","SN_2013ge_2014-04-29_06-20-09_Lick-3m_KAST_UCB-SNDB_0.flm","","Object","","","Air","Angstrom","1","erg cm(-2) sec(-1) Ang(-1)","","","","","","","","","","3700","10000","1.9993652808632","","2019MNRAS.482.1545S","SNR: 9.14122;","WIS_Bot1","2019-01-23 10:48:35"
"371","2013ge","","158.701917","21.661639","SN Ib/c","0.004356","1197","2014-10-23 00:00:00.00","2456953.5","","LBT","MODS2","Unknown","Unknown","","Y","","","2013ge_2014-10-23_00-00-00_LBT_MODS2_None.flm","","Object","","","Air","Angstrom","1","Other","","0","0","","","","","","","3501","9795.0801","0.50993114315807","Drout et al. 2016","2016ApJ...821...57D","[Data obtained from:Drout, M.] [Prev. spec info - createdby: ilanm-UploadSet; modifiedby: ilanm-UploadSet]"," Migration From WISeREP1.0","2016-06-04 09:20:27"
"371","2013ge","","158.701917","21.661639","SN Ib/c","0.004356","1198","2015-01-15 00:00:00.00","2457037.5","","Magellan-Baade","IMACS","Unknown","Unknown","","Y","","","2013ge_2015-01-15_00-00-00_Magellan-Baade_IMACS_None.flm","","Object","","","Air","Angstrom","1","Other","","0","0","","","","","","","4255","9444.9199","1.2695498776908","Drout et al. 2016","2016ApJ...821...57D","[Data obtained from:Drout, M.] [Prev. spec info - createdby: ilanm-UploadSet; modifiedby: ilanm-UploadSet]"," Migration From WISeREP1.0","2016-06-04 09:20:27"